granule_uid,obs_id,period,mass,star_spec_type,detection_type,semi_major_axis,radius
14 Her b,77,1763.3,9.1,K0 V,Radial Velocity,2.845,
14 Her c,309,52596.0,6.9,K0 V,Radial Velocity,27.4,
55 Cnc b,25,14.65314,0.84,K0IV-V,Radial Velocity,0.11339,
51 Eri b,2428,10260.0,2.6,F0IV,Imaging,11.1,1.11
51 Peg b,12,4.2308,0.47,G2 IV,Radial Velocity,0.052,1.9
55 Cnc e,243,0.7365478,0.02703,K0IV-V,Primary Transit,0.015439,0.1737
AU Mic b,7424,8.463,0.0368,M1V,Primary Transit,0.0645,0.3908
AU Mic c,7546,18.859019,0.0698,M1V,Primary Transit,0.1101,0.3131
BD+20 594 b,2546,41.6855,0.07,G,Primary Transit,0.241,0.23
CD Cet b,7415,2.2907,0.01244,M5.0,Radial Velocity,0.0185,
CI Tau b,3941,8.9891,11.6,K4IV,Radial Velocity,,
CoRoT-1 b,401,1.50896848,1.03,G0V,Primary Transit,0.0254,1.49
CoRoT-10 b,662,13.2406,2.75,K1V,Primary Transit,0.1055,0.97
CoRoT-11 b,645,2.994325,2.33,F6V,Primary Transit,0.04351,1.43
CoRoT-12 b,649,2.8280517,0.917,G2V,Primary Transit,0.04016,1.44
CoRoT-13 b,651,4.0350906,1.308,G0V,Primary Transit,0.051,0.885
CoRoT-14 b,652,1.51214,7.6,F9V,Primary Transit,0.027,1.09
CoRoT-16 b,702,5.35227,0.535,G5V,Primary Transit,0.0618,1.17
CoRoT-17 b,703,3.768125,2.43,G2V,Primary Transit,0.0461,1.02
CoRoT-18 b,704,1.90009057,3.47,G9V,Primary Transit,0.0295,1.31
CoRoT-19 b,705,3.8971372,1.11,F9V,Primary Transit,0.0518,1.29
CoRoT-2 b,415,1.7429964,3.31,G7V,Primary Transit,0.0281,1.465
CoRoT-20 b,826,9.2431839,4.24,G2V,Primary Transit,0.0902,0.84
CoRoT-22 b,847,9.75598,0.06,G0IV,Primary Transit,0.092,0.4354
CoRoT-23 b,862,3.6314,2.8,G0V,Primary Transit,0.0477,1.08
CoRoT-24 b,855,5.1134,0.018,K1V,Primary Transit,0.056,0.33
CoRoT-24 c,856,11.759,0.088,K1V,Primary Transit,0.098,0.44
CoRoT-25 b,1240,4.86069,0.27,G0V,Primary Transit,0.0578,1.08
CoRoT-26 b,1243,4.20474,0.52,G8IV,Primary Transit,0.0526,1.26
CoRoT-29 b,1210,2.85057,0.85,KOV,Primary Transit,0.039,0.9
CoRoT-30 b,1211,9.06005,2.9,G3V,Primary Transit,0.0844,1.009
CoRoT-31 b,1212,4.62941,0.84,G2IV,Primary Transit,0.0586,1.46
CoRoT-35 b,2644,3.22748,1.1,F3V,Primary Transit,0.0429,1.68
CoRoT-36 b,3931,5.616531,0.68,,Primary Transit,0.066,1.41
CoRoT-5 b,471,4.0379148,0.467,F9V,Primary Transit,0.04947,1.33
CoRoT-7 b,526,0.8535,0.041812,K0V,Primary Transit,0.0172,0.136
CoRoT-8 b,544,6.21229,0.2158,K1V,Primary Transit,0.063,0.5692
CoRoT-9 b,557,95.273804,0.84,G3V,Primary Transit,0.407,0.94
DS Tuc A b,7077,8.138268,0.0453,G6V,Primary Transit,0.0795,0.5085
EPIC 201295312 b,2557,5.65639,0.0379,,Primary Transit,,0.245
EPIC 205084841 b,6997,11.310099,0.3883,,Primary Transit,0.104,1.561
EPIC 211442297 b,6618,20.273034,0.84,G4,Primary Transit,0.1367,1.115
EPIC 211945201 b,6742,19.49221,0.085,G0,Primary Transit,0.1493,0.514
EPIC 212737443 b,7137,13.603,0.02907,K3,Primary Transit,0.098,0.231
EPIC 212737443 c,7138,65.55,0.0303,K3,Primary Transit,0.28,0.24
EPIC 246193072 b,7527,12.4551225,0.26,,Primary Transit,0.1016,0.774
EPIC 246851721 b,6791,6.180235,3.0,F5V,Primary Transit,0.07229,1.051
Exomoon Kepler-1708 b-i,8059,4.6,0.116,,Primary Transit,0.05,0.2329
Fomalhaut b,291,320000.0,0.208,A3 V,Imaging,117.0,
G 9-40 b,7229,5.7459982,0.013,M2.5 V,Primary Transit,0.0418,0.17
GJ 1132 b,2464,1.628931,0.00522,M3.5,Primary Transit,0.0154,0.1035
GJ 1214 b,619,1.580404497,0.02571,M,Primary Transit,0.01411,0.24463
GJ 1252 b,7246,0.5182349,0.00415,,Primary Transit,0.00916,0.1053
GJ 143 b,6930,35.61253,0.0714,K4.5V,Primary Transit,0.1932,0.2329
GJ 143 c,6975,7.78993,0.01164,K4.5V,Primary Transit,0.0695,0.07958
GJ 2030 c,8380,25635.0,12.934,G5/6V,Astrometry,16.752,
GJ 273 b,6548,18.64,0.00922,M3.5,Radial Velocity,0.091,
GJ 273 c,6549,4.72322,0.00374,M3.5,Radial Velocity,0.036,
GJ 273 d,7135,413.9,0.03448,M3.5,Radial Velocity,0.712,
GJ 273 e,7136,542.0,0.0297,M3.5,Radial Velocity,0.849,
GJ 3090 b,8338,2.8531054,0.01051,,Primary Transit,0.03165,0.19
GJ 3470 b,1140,3.336649,0.03958,M1.5,Primary Transit,0.03557,0.37380742940036
GJ 3473 b,7501,1.1980035,0.00585,M4V,Primary Transit,0.01589,0.11277
GJ 357 b,7109,3.93086,0.006566,M2.5 V,Primary Transit,0.033,0.10411
GJ 3634 b,816,2.64561,0.026,M2.5,Radial Velocity,0.0287,
GJ 367  b,8105,0.3219659,0.00047,M1,Primary Transit,0.0069,0.0526
GJ 3929 b,8113,2.6162745,0.00381,M3.5V,Primary Transit,0.02569,0.1026
GJ 436 b,241,2.64394,0.07,M2.5,Primary Transit,0.02887,0.38
GJ 486 b,7818,1.467119,0.00887,M3.5V,Primary Transit,0.01734,0.11643
GJ 676 A b,603,1052.1,6.7,M0V,Radial Velocity,1.812,
GJ 676 A c,1285,7337.0,6.8,M0V,Radial Velocity,6.6,
GJ 876 b,31,61.03474,3.6,M4 V,Radial Velocity,0.214,
GJ 876 d,289,1.938,0.021741,M4 V,Radial Velocity,0.021,
GJ 876 e,693,124.4,0.04855,M4 V,Radial Velocity,0.345,
GJ 9827 b,6623,1.2089765,0.01532,K6V,Primary Transit,0.01866,0.13641
GJ 9827 c,6624,3.648086,0.00604,K6V,Primary Transit,0.03896,0.107
GJ 9827 d,6625,6.20183,0.01076,K6V,Primary Transit,0.0555,0.17441
Gaia-1 b,8214,3.042524,1.68,,Primary Transit,0.04047,1.229
Gaia-2 b,8215,3.6915237,0.773,,Primary Transit,0.0467,1.327
HAT-P-1 b,345,4.46529976,0.525,GOV,Primary Transit,0.05561,1.319
HAT-P-10 A b,506,3.722469,0.46,K3V,Primary Transit,0.0439,1.045
HAT-P-11 b,532,4.887802443,0.0736,K4,Primary Transit,0.053,0.389
HAT-P-11 c,6864,3397.0,2.3,K4,Radial Velocity,4.13,
HAT-P-12 b,549,3.2130598,0.210489884529,,Primary Transit,0.0384,0.949
HAT-P-13 b,558,2.916243,0.85,G4,Primary Transit,0.0426,1.28
HAT-P-14 b,650,4.627686,2.444,F,Primary Transit,0.0606,1.01
HAT-P-15 b,680,10.863502,1.946,G5,Primary Transit,0.0964,1.072
HAT-P-16 b,676,2.77596,4.193,F8,Primary Transit,0.0413,1.289
HAT-P-17 b,738,10.338523,0.534,K,Primary Transit,0.0882,1.01
HAT-P-18 b,723,5.508029,0.183,K,Primary Transit,0.0559,0.947
HAT-P-19 b,724,4.008784,0.292,K,Primary Transit,0.0466,1.132
HAT-P-2 b,402,5.6334729,8.74,F8,Primary Transit,0.0674,0.951
HAT-P-20 b,734,2.875317,7.246,K7,Primary Transit,0.0361,0.867
HAT-P-21 b,735,4.124461,4.063,G3,Primary Transit,0.0494,1.024
HAT-P-22 b,736,3.21222,2.147,G5,Primary Transit,0.0414,1.08
HAT-P-23 b,737,1.212884,2.09,G5,Primary Transit,0.0232,1.368
HAT-P-46 b,1331,4.463129,0.493,,Primary Transit,0.0577,1.284
HAT-P-24 b,733,3.35524,0.685,F8,Primary Transit,0.0465,1.242
HAT-P-25 b,740,3.652836,0.567,G5,Primary Transit,0.0466,1.19
HAT-P-26 b,748,4.234516,0.0585,K1,Primary Transit,0.0479,0.5647
HAT-P-27 b,806,3.0395803,0.66,G8,Primary Transit,0.0403,1.055
HAT-P-28 b,834,3.257215,0.626,G3,Primary Transit,0.0434,1.212
HAT-P-29 b,835,5.723186,0.778,F8,Primary Transit,0.0667,1.107
HAT-P-3 b,413,2.899703,0.591,K,Primary Transit,0.03866,0.827
HAT-P-30 b,837,2.810595,0.711,F,Primary Transit,0.0419,1.34
HAT-P-31 b,857,5.005425,2.171,,Primary Transit,0.055,1.07
HAT-P-32 b,859,2.15000825,0.75,F/G,Primary Transit,0.03427,1.789
HAT-P-33 b,860,3.474474,0.763,F,Primary Transit,0.0503,1.827
HAT-P-34 b,1044,5.452654,3.328,,Primary Transit,0.0677,1.107
HAT-P-35 b,1045,3.646706,1.054,,Primary Transit,0.0498,1.332
HAT-P-36 b,1046,1.327347,1.832,,Primary Transit,0.0238,1.264
HAT-P-37 b,1047,2.797436,1.169,,Primary Transit,0.0379,1.178
HAT-P-38 b,1056,4.640382,0.267,G,Primary Transit,0.0523,0.825
HAT-P-39 b,1143,3.54387,0.599,,Primary Transit,0.0509,1.571
HAT-P-4 b,419,3.0565114,0.68,F,Primary Transit,0.0446,1.27
HAT-P-40 b,1144,4.457243,0.615,,Primary Transit,0.0608,1.73
HAT-P-41 b,1145,2.694047,0.8,,Primary Transit,0.0426,1.685
HAT-P-42 b,1268,4.641876,0.975,,Primary Transit,0.0575,1.277
HAT-P-43 b,1269,3.332688,0.66,,Primary Transit,0.0443,1.283
HAT-P-44 b,1328,4.301217,0.392,,Primary Transit,0.0507,1.28
HAT-P-44 c,1329,219.9,1.6,,Primary Transit,0.699,
HAT-P-45 b,1330,3.128992,0.892,,Primary Transit,0.0452,1.426
HAT-P-46 c,1333,77.7,2.0,,Primary Transit,0.387,
HAT-P-47 b,3964,4.732182,0.206,,Primary Transit,0.0615,1.313
HAT-P-48 b,3965,4.40865,0.168,,Primary Transit,0.0543,1.131
HAT-P-49 b,1511,2.691548,1.73,A5,Primary Transit,0.0438,1.413
HAT-P-5 b,423,2.788491,1.06,,Primary Transit,0.04079,1.252
HAT-P-50 b,2380,3.1220109,1.36,,Primary Transit,0.0453,1.288
HAT-P-51 b,2381,4.2180278,0.309,,Primary Transit,0.05069,1.293
HAT-P-52 b,2382,2.7535953,0.819,,Primary Transit,0.03694,1.009
HAT-P-53 b,2383,1.9616241,1.487,,Primary Transit,0.03159,1.318
HAT-P-54 b,2264,3.799847,0.76,K,Primary Transit,0.04117,0.944
HAT-P-55 b,2431,3.5852467,0.582,,Primary Transit,0.04604,1.182
HAT-P-56 b,2409,2.79083,2.31,F8,Primary Transit,0.0423,1.51
HAT-P-57 b,2462,2.465295,1.85,,Primary Transit,0.0406,1.413
HAT-P-58 b,7436,4.013837,0.372,,Primary Transit,0.04994,1.332
HAT-P-59 b,7437,4.1419771,1.54,,Primary Transit,0.05064,1.123
HAT-P-6 b,424,3.853003,1.057,F,Primary Transit,0.05235,1.33
HAT-P-60 b,7438,4.7947813,0.574,,Primary Transit,0.06277,1.631
HAT-P-61 b,7439,1.90231289,1.057,,Primary Transit,0.0301,0.899
HAT-P-62 b,7440,2.6453235,0.761,,Primary Transit,0.03772,1.073
HAT-P-63 b,7441,3.377728,0.614,,Primary Transit,0.04294,1.119
HAT-P-64 b,7442,4.007232,0.58,,Primary Transit,0.05387,1.703
HAT-P-65 b,4056,2.6054552,0.527,,Primary Transit,0.03951,1.89
HAT-P-66 b,4057,2.972086,0.783,,Primary Transit,0.04363,1.59
HAT-P-67 b,6516,4.81010205,0.34,F,Primary Transit,0.06505,2.085
HAT-P-68 b,7533,2.29840551,0.724,,Primary Transit,0.02996,1.072
HAT-P-69 b,7121,4.7869491,3.58,,Primary Transit,0.06555,1.676
HAT-P-7 b,457,2.204735471,1.741,,Primary Transit,0.0379,1.431
HAT-P-70 b,7122,2.74432452,6.78,,Primary Transit,0.04739,1.87
HAT-P-8 b,529,3.0763402,1.34,,Primary Transit,0.0449,1.5
HAT-P-9 b,488,3.922814,0.67,F,Primary Transit,0.053,1.4
HATS-1 b,1134,3.446459,1.855,,Primary Transit,0.0444,1.302
HATS-10 b,2377,3.312846,0.526,,Primary Transit,0.0449,0.969
HATS-11 b,2595,3.619188,0.85,G0,Primary Transit,0.0507,1.609
HATS-12 b,2596,3.142702,2.38,F,Primary Transit,0.0441,0.692
HATS-13 b,2378,3.0440499,0.543,,Primary Transit,0.04057,1.212
HATS-14 b,2379,2.7667641,1.071,,Primary Transit,0.03815,1.039
HATS-15 b,2627,1.74748753,2.17,,Primary Transit,0.02712,1.105
HATS-16 b,2628,2.686502,3.27,,Primary Transit,0.03744,1.3
HATS-17 b,2597,16.254611,1.338,G,Primary Transit,0.1308,0.777
HATS-18 b,3954,0.8378434,1.98,G,Primary Transit,0.01761,1.337
HATS-19 b,3994,4.569673,0.427,G0,Primary Transit,0.0589,1.66
HATS-2 b,1270,1.354133,1.345,K,Primary Transit,0.023,1.168
HATS-20 b,3995,3.7992969,0.273,G9V,Primary Transit,0.04619,0.776
HATS-21 b,3996,3.5543973,0.332,G4V,Primary Transit,0.04676,1.123
HATS-22 b,3989,4.7228124,2.74,,Primary Transit,0.05025,0.953
HATS-23 b,3990,2.1605156,1.47,,Primary Transit,0.03397,1.86
HATS-24 b,3991,1.3484954,2.44,,Primary Transit,0.02547,1.487
HATS-25 b,4011,4.2986432,0.613,G,Primary Transit,0.05163,1.26
HATS-26 b,4012,3.3023881,0.65,F,Primary Transit,0.04735,1.75
HATS-27 b,4013,4.637038,0.53,F,Primary Transit,0.0611,1.5
HATS-28 b,4014,3.1810781,0.672,G,Primary Transit,0.04131,1.194
HATS-29 b,4015,4.6058749,0.653,G,Primary Transit,0.05475,1.251
HATS-3 b,1310,3.547851,1.071,F,Primary Transit,0.0485,1.381
HATS-30 b,4016,3.1743516,0.706,,Primary Transit,0.04354,1.175
HATS-31 b,3983,3.37796,0.88,,Primary Transit,0.0478,1.64
HATS-32 b,3984,2.8126548,0.92,,Primary Transit,0.04024,1.249
HATS-33 b,3985,2.5495551,1.192,,Primary Transit,0.03727,1.23
HATS-34 b,3987,2.1061607,0.941,,Primary Transit,0.03166,1.43
HATS-35 b,3988,1.8209933,1.222,,Primary Transit,0.03199,1.464
HATS-36 b,6570,4.175186,2.79,G0 V,Primary Transit,0.0523,1.153
HATS-37A b,7434,4.3315366,0.099,,Primary Transit,0.04913,0.606
HATS-38 b,7435,4.375021,0.074,,Primary Transit,0.05036,0.614
HATS-39 b,6736,4.5776348,0.63,,Primary Transit,0.06,1.57
HATS-4 b,1528,2.516729,1.323,,Primary Transit,0.0362,1.02
HATS-40 b,6737,3.2642736,1.59,,Primary Transit,0.04997,1.58
HATS-41 b,6738,4.193649,9.7,,Primary Transit,0.0583,1.33
HATS-42 b,6739,2.292102,1.88,,Primary Transit,0.03689,1.4
HATS-43 b,6593,4.3888497,0.261,K,Primary Transit,0.04944,1.18
HATS-44 b,6594,2.7439004,0.56,K,Primary Transit,0.03649,1.067
HATS-45 b,6595,4.1876244,0.7,F,Primary Transit,0.05511,1.286
HATS-46 b,6596,4.7423729,0.173,G,Primary Transit,0.05367,0.903
HATS-47 b,7295,3.9228038,0.369,,Primary Transit,0.04269,1.117
HATS-48A b,7296,3.1316666,0.243,,Primary Transit,0.03769,0.8
HATS-49 b,7297,4.1480467,0.353,,Primary Transit,0.04515,0.765
HATS-5 b,1503,4.763387,0.237,,Primary Transit,0.0542,0.912
HATS-50 b,6686,3.8297015,0.39,,Primary Transit,0.05046,1.13
HATS-51 b,6687,3.3488702,0.768,,Primary Transit,0.04639,1.41
HATS-52 b,6688,1.3665436,2.24,,Primary Transit,0.02498,1.382
HATS-53 b,6689,3.8537768,0.595,,Primary Transit,0.04753,1.34
HATS-54 b,6952,2.5441828,0.76,,Primary Transit,0.03763,1.067
HATS-56 b,6954,4.324799,0.602,,Primary Transit,0.06043,1.688
HATS-57 b,6955,2.350621,3.147,,Primary Transit,0.03493,1.13
HATS-58A b,6956,4.2180896,1.03,,Primary Transit,0.05798,1.095
HATS-59 b,6746,5.416081,0.806,,Primary Transit,0.06112,1.126
HATS-6 b,2298,3.3252725,0.319,M1V,Primary Transit,0.03623,0.998
HATS-60 b,6834,3.560829,0.662,,Primary Transit,0.04708,1.153
HATS-61 b,6835,7.817953,3.4,,Primary Transit,0.07908,1.195
HATS-62 b,6836,3.2768837,0.179,,Primary Transit,0.04163,1.055
HATS-63 b,6838,3.0566527,0.96,,Primary Transit,0.04026,1.207
HATS-64 b,6839,4.908897,0.96,,Primary Transit,0.06562,1.679
HATS-65 b,6840,3.105161,0.821,,Primary Transit,0.04497,1.501
HATS-66 b,6841,3.1414391,5.33,,Primary Transit,0.04714,1.411
HATS-67 b,6846,1.6091788,1.45,,Primary Transit,0.03032,1.685
HATS-68 b,6847,3.5862202,1.29,,Primary Transit,0.05071,1.2321
HATS-69 b,6848,2.2252577,0.577,,Primary Transit,0.03211,0.945
HATS-7 b,2626,3.185315,0.12,K2,Primary Transit,0.04012,0.563
HATS-70 b,6888,1.8882378,12.9,,Primary Transit,0.03632,1.384
HATS-71A b,6973,3.7955213,0.45,M3,Primary Transit,0.03946,1.08
HATS-72 b,7298,7.3279474,0.1254,,Primary Transit,0.066517,0.7224
HATS-74A b,8024,1.73185606,1.46,,Primary Transit,0.02384,1.032
HATS-75 b,8025,2.7886556,0.491,,Primary Transit,0.032742,0.884
HATS-76 b,8026,1.9416423,2.629,,Primary Transit,0.02658,1.079
HATS-77 b,8027,3.0876262,1.374,,Primary Transit,0.03607,1.165
HATS-8 b,2408,3.583893,0.138,G2V,Primary Transit,0.04667,0.873
HATS-9 b,2376,1.915291,0.839,,Primary Transit,0.0312,1.236
HD 102195 b,314,4.114,0.46,K0V,Radial Velocity,0.049,
HD 106315 b,6506,9.55237,0.03964,F5 V,Primary Transit,0.0907,0.218
HD 106315 c,6507,21.05704,0.04782,F5 V,Primary Transit,0.1536,0.388
HD 10697 b,95,1075.69,6.837,G5 IV,Radial Velocity,2.14,1.152
HD 110113 b,7559,2.541,0.01432,,Primary Transit,0.035,0.1829
HD 114783 b,104,493.7,6.3,K0,Radial Velocity,1.16,
HD 118203 b,302,6.13498,2.173,K0,Radial Velocity,0.07082,1.133
HD 128311 c,266,919.0,4.19,K0V,Radial Velocity,1.76,
HD 130322 b,21,10.72,1.05,K0 V,Radial Velocity,0.09,
HD 132406 b,411,974.0,6.7,G0V,Radial Velocity,1.98,
HD 136352 b,968,11.57779,0.01454,G4V,Radial Velocity,0.0969,0.13222
HD 136352 c,969,27.5909,0.03552,G4V,Radial Velocity,0.1729,0.183854
HD 136352 d,970,107.63,0.02775,G4V,Radial Velocity,0.4285,0.2284
HD 1397 b,6873,11.53533,0.415,G5III,Primary Transit,0.1097,1.026
HD 149026 b,290,2.8758916,0.357,G0 IV,Primary Transit,0.04288,0.718
HD 152843 b,7855,11.6264,0.03637,G0,Primary Transit,0.1053,0.3042
HD 152843 c,7856,27.13,0.0865,G0,Primary Transit,,0.5201
HD 154345 b,338,3538.0,1.3,G8V,Radial Velocity,4.3,
HD 164604 b,640,641.47,14.3,K3.5V,Radial Velocity,1.331,
HD 17156 b,387,21.2163979,3.195,G0,Primary Transit,0.1623,1.095
HD 175167 b,643,1290.0,9.5,G5 IV/V,Radial Velocity,2.4,
HD 176051 b,752,1016.0,1.5,,Astrometry,1.76,
HD 181720 b,580,956.0,12.12,G1V,Radial Velocity,1.78,
HD 183579 b,7913,17.471278,0.0302,G5V,Primary Transit,0.1334,0.3149
HD 189733 b,307,2.219,1.138,K1-K2,Primary Transit,0.031,1.138
HD 191939 b,7282,8.88029,0.0327,G8V,Primary Transit,0.078,0.3024
HD 191939 c,7283,28.5805,0.0227,G8V,Primary Transit,0.17,0.2748
HD 191939 d,7284,38.3525,0.0182,G8V,Primary Transit,0.207,0.2712
HD 202772 A b,6843,3.30896,1.008,,Primary Transit,0.0519,1.562
HD 207897 b,7992,16.202157,0.05,K0V,Primary Transit,0.1164,0.22348
HD 208487 c,306,908.0,0.46,G2V,Other,1.8,
HD 209458 b,10,3.52472,0.69,G0 V,Radial Velocity,0.04747,1.38
HD 213885 b,7054,1.008035,0.02778,G,Primary Transit,0.02012,0.15568
HD 219134 b,2415,3.093292,0.01343,K3V,Primary Transit,0.037,0.134
HD 219134 c,2416,6.765159,0.01246,K3V,Radial Velocity,0.062,0.12624
HD 219134 d,2417,46.71,0.05236,K3V,Radial Velocity,0.225,
HD 219134 f,2467,22.805,0.0208,K3V,Other,0.139,
HD 219666 b,6937,6.03607,0.0522,,Primary Transit,0.06356,0.4202
HD 221416 b,7308,14.2767,0.1904,K0IV/V,Primary Transit,0.1228,0.836
HD 23472 b,6931,17.667087,0.02618,K3.5V,Primary Transit,0.1162,0.16701
HD 23472 c,6932,29.79749,0.01073,K3.5V,Primary Transit,0.1646,0.1668
HD 23472 d,6977,3.97664,0.00173,K3.5V,Primary Transit,0.04298,0.0669
HD 23472 e,8367,7.90754,0.00227,K3.5V,Primary Transit,0.68,0.07298
HD 23472 f,6976,12.1621839,0.00242,K3.5V,Primary Transit,,0.10144
HD 260655 b,8173,2.76953,0.00673,MOV,Primary Transit,0.02933,0.1106
HD 260655 c,8174,5.70588,0.00972,MOV,Primary Transit,0.04749,0.13677
HD 2685 b,6889,4.12692,1.18,,Primary Transit,0.0568,1.44
HD 28109 b,8210,22.89104,0.058195,F8,Primary Transit,0.1357,0.19618
HD 3167 b,4004,0.959624,0.0158,K0 V,Primary Transit,0.0186,0.152
HD 3167 c,4005,29.83832,0.0308,K0 V,Primary Transit,0.1841,0.255
HD 332231 b,7355,18.71204,0.244,F8,Primary Transit,0.1436,0.867
HD 3651 b,38,62.25,0.23,K0 V,Radial Velocity,0.295,
HD 38529 b,23,14.3104,0.93,G4 IV,Radial Velocity,0.131,
HD 5278 b,7806,14.33902,0.0245,,Primary Transit,0.12,0.2186
HD 60532 b,504,201.83,9.21,F6IV-V,Radial Velocity,0.77,
HD 63935 b,7987,9.058811,0.034,,Primary Transit,,0.2668
HD 63935 c,7988,21.4023,0.0349,,Primary Transit,,0.259
HD 69830 b,326,8.6682,0.1427,K0V,Radial Velocity,0.0785,
HD 69830 c,327,31.601,0.1649,K0V,Radial Velocity,0.186,
HD 69830 d,328,200.57,0.2529,K0V,Radial Velocity,0.63,
HD 73583 b,7998,6.398042,0.0321,K4V,Primary Transit,0.0604,0.2489
HD 73583 c,7999,18.8805,0.0302,K4V,Primary Transit,0.1233,0.2436
HD 80606 b,43,111.436765,4.1641,G5,Primary Transit,0.4603,1.032
HD 80653 b,7254,0.719573,0.01762,G2,Primary Transit,0.0166,0.144
HD 81040 b,310,1001.7,8.04,G2/G3,Radial Velocity,1.94,
HD 82943 b,51,442.4,14.5,G0,Radial Velocity,1.19,
HD 82943 c,52,219.3,14.39,G0,Radial Velocity,0.746,
HD 85628 A b,7080,2.82406,3.1,A3V,Primary Transit,0.047,1.53
HD 89345 b,6719,11.81399,0.1123,G5V,Primary Transit,0.105,0.612
HD 89744 b,55,256.78,10.32,F7 V,Radial Velocity,0.917,
HD 95338 b,7353,55.086,0.12406,K0.5V,Primary Transit,0.231,0.3551
HD 97658 b,766,9.489295,0.02457,K1V,Primary Transit,0.08,0.20047
HIP 116454 b,2338,9.1265,0.0372,K2,Primary Transit,0.098,0.226
HIP 65A b,7319,0.9809734,3.213,K4V,Primary Transit,0.01782,2.03
HIP 67522 b,7401,6.959503,5.0,,Primary Transit,,0.8984
HIP 94235 b,8179,7.712121,1.192,,Primary Transit,0.0787,0.2862
HIP 97166 b,7985,10.28891,0.063,,Primary Transit,0.089,0.2444
HR 8799 b,516,164250.0,7.0,A5V,Imaging,68.0,1.2
HR 8799 c,517,82145.0,8.3,A5V,Imaging,42.9,1.3
HR 8799 d,518,41054.0,8.3,A5V,Imaging,27.0,1.2
HR 8799 e,768,18000.0,9.6,A5V,Imaging,16.4,1.17
K2-10 b,2555,19.3044,0.08495,F9,Primary Transit,,0.343
K2-105 b,6499,8.267704,0.094,K1,Primary Transit,0.0796,0.301
K2-106 b,4066,0.571331,0.0263,G5 V,Primary Transit,0.0134,0.162
K2-106 c,4067,13.339079,0.018,G5 V,Primary Transit,0.1091,0.244
K2-107 b,6510,3.313959,0.84,F9 IV,Primary Transit,0.0475,1.426
K2-108 b,6517,4.733999,0.187,,Primary Transit,0.0581,0.476
K2-110 b,6607,13.86387,0.0525,K3 V,Primary Transit,0.1027,0.228
K2-111 b,6584,5.3518,0.01664,G2,Primary Transit,0.057,0.162
K2-113 b,4071,5.817685,1.28,G,Primary Transit,0.0642,1.083
K2-114 b,6617,11.391013,1.85,,Primary Transit,0.0954,0.952
K2-124 b,7002,6.413651,0.033,M3V,Primary Transit,0.049,0.259
K2-132 b,6590,9.1751,0.49,K,Primary Transit,0.0916,1.3
K2-133 b,6620,3.07133,0.0069,M1.5 V,Primary Transit,0.03194,0.12
K2-137 b,6591,0.179715,0.5,M3 V,Primary Transit,0.0058,0.079
K2-133 c,6621,4.86784,0.01,M1.5 V,Primary Transit,0.04341,0.143
K2-133 d,6622,11.02454,0.026,M1.5 V,Primary Transit,0.07487,0.179
K2-138 b,6701,2.35322,0.0098,K1 V,Primary Transit,0.0338,0.14
K2-138 c,6702,3.55987,0.0198,K1 V,Primary Transit,0.04454,0.225
K2-138 d,6703,5.40478,0.0249,K1 V,Primary Transit,0.05883,0.237
K2-138 e,6704,8.26144,0.0409,K1 V,Primary Transit,0.07807,0.294
K2-138 f,6705,12.75759,0.005,K1 V,Primary Transit,0.1043,0.251
K2-138 g,7195,41.96797,0.0135,K1 V,Primary Transit,0.231,0.2688
K2-139 b,6518,28.380619,0.381,K0 V,Primary Transit,0.1796,0.813
K2-140 b,6563,6.56918,0.93,G5,Primary Transit,0.0687,1.093
K2-141 b,6673,0.2803244,0.01598,,Primary Transit,,0.135
K2-141 c,6710,7.7485,0.02328,,Primary Transit,,0.624
K2-146 b,6645,2.6446,0.01816,M3.0 V,Primary Transit,0.027,0.183
K2-146 c,7311,4.00498,0.02358,M3.0 V,Primary Transit,0.034,0.195
K2-155 b,6707,6.342,0.0148,K7,Primary Transit,0.0562,0.161
K2-155 c,6708,13.85,0.0205,K7,Primary Transit,0.0946,0.232
K2-155 d,6709,40.718,0.0154,K7,Primary Transit,0.1937,0.17
K2-174 b,6999,19.562307,0.0289,,Primary Transit,0.126,0.232
K2-18 b,3953,32.939623,0.02807,M2.5 V,Primary Transit,0.1429,0.211
K2-180 b,6852,8.867209,0.036,K2V,Primary Transit,0.0753,0.206
K2-182 b,7777,4.7369683,0.063,,Primary Transit,0.0526,0.24
K2-19 b,2498,7.9194,0.1019,G9 V,Primary Transit,0.074,0.691
K2-19 c,2499,11.90715,0.034,G9 V,Primary Transit,0.0971,0.434
K2-19 d,2500,2.50856,0.031,G9 V,Primary Transit,0.0344,0.102
K2-199 b,7674,3.2253993,0.0217,,Primary Transit,0.0382,0.1543
K2-199 c,7675,7.3744897,0.039,,Primary Transit,0.0662,0.2543
K2-216 b,6745,2.1748,0.02517,K5 V,Primary Transit,0.028,0.156
K2-22 b,2392,0.381078,1.4,M0 V,Primary Transit,0.0088,0.223
K2-222 b,7750,15.3885,0.025,,Primary Transit,0.1211,0.2097
K2-229 b,6902,0.58426,0.00815,G9,Primary Transit,0.0131,0.102
K2-229 c,6914,8.32727,0.067,G9,Primary Transit,0.0769,0.181
K2-229 d,6915,31.0,0.079,G9,Primary Transit,0.182,0.2364
K2-231 b,6850,13.841901,0.0227,,Primary Transit,,0.223
K2-232 b,6720,11.168454,0.398,F9V,Primary Transit,0.10356,1.0
K2-233 b,6714,2.46746,0.0104,K3,Primary Transit,0.03317,0.125
K2-233 d,6716,24.3662,0.0261,K3,Primary Transit,0.1527,0.236
K2-237 b,6779,2.1805577,1.236,F9 V,Primary Transit,0.0353,1.642
K2-238 b,6866,3.20466,0.86,G2 V,Primary Transit,0.046,1.3
K2-239 b,6754,5.24,0.0044,M3.0 V,Primary Transit,0.0441,0.098
K2-239 c,6755,7.775,0.0028,M3.0 V,Primary Transit,0.0576,0.089
K2-239 d,6756,10.115,0.0041,M3.0 V,Primary Transit,0.0685,0.098
K2-24 b,2469,20.88977,0.05978,G9 V,Primary Transit,0.154,0.482
K2-24 c,2470,42.3391,0.04845,G9 V,Primary Transit,0.247,0.669
K2-240 b,6757,6.034,0.0157,M0.5 V,Primary Transit,0.0513,0.178
K2-240 c,6758,20.523,0.0145,M0.5 V,Primary Transit,0.1159,0.161
K2-25 b,2519,3.484552,0.0771,M4.5,Primary Transit,,0.306
K2-260 b,6803,2.6266657,1.42,F6 V,Primary Transit,0.0404,1.552
K2-261 b,6761,11.63344,0.223,G7 IV/V,Primary Transit,0.102,0.85
K2-263 b,6805,50.818947,0.0466,G9 V,Primary Transit,0.2573,0.215
K2-265 b,6829,2.369172,0.02058,G8 V,Primary Transit,0.03376,0.153
K2-266 b,6764,0.658524,0.0355,K,Primary Transit,0.01306,0.294
K2-266 c,6765,7.814,0.00091,K,Primary Transit,0.0679,0.063
K2-266 d,6766,14.697,0.028,K,Primary Transit,0.1035,0.261
K2-266 e,6767,19.482,0.04499,K,Primary Transit,0.1249,0.244
K2-27 b,2556,6.771315,0.09722,,Primary Transit,0.06702,0.4
K2-280 b,7446,19.895202,0.1167,,Primary Transit,0.1488,0.684
K2-285 b,6792,3.471745,0.03046,K2 V,Primary Transit,0.03817,0.231
K2-285 c,6793,7.138048,0.04933,K2 V,Primary Transit,0.0824,0.315
K2-285 d,6794,10.45582,0.02045,K2 V,Primary Transit,0.1178,0.221
K2-285 e,6795,14.76289,0.03367,K2 V,Primary Transit,0.18041,0.174
K2-286 b,6971,27.359,0.0214,M0 V,Primary Transit,0.1768,0.187
K2-287 b,7012,14.893291,0.315,,Primary Transit,0.1206,0.847
K2-289 b,6998,13.156969,0.1529,,Primary Transit,0.107,0.812
K2-29 b,2549,3.2588321,0.73,G7 V,Primary Transit,0.04217,1.19
K2-290 b,6985,9.21165,0.0343,,Primary Transit,0.0923,0.273
K2-290 c,6986,48.36685,0.774,,Primary Transit,0.305,1.006
K2-291 b,6987,2.225177,0.02042,,Primary Transit,0.03261,0.142
K2-292 b,6965,16.9841,0.07709,G3 V,Primary Transit,0.13,0.235
K2-295 b,6778,4.024867,0.335,K5 V,Primary Transit,0.0451,0.897
K2-3 b,2361,10.054626,0.02039,M0.0V,Primary Transit,0.0775,0.194
K2-3 c,2362,24.646582,0.00673,M0.0V,Primary Transit,0.1405,0.165
K2-3 d,2363,44.55646,0.00881,M0.0V,Primary Transit,0.2086,0.135
K2-30 b,2548,4.098503,0.579,G6 V,Primary Transit,0.04839,1.039
K2-314 b,7278,3.5951,0.02753,G8 1V/V,Primary Transit,0.047,0.174
K2-314 c,7279,15.624,0.04616,G8 1V/V,Primary Transit,0.13,0.3274
K2-314 d,7280,35.747,0.03203,G8 1V/V,Primary Transit,0.22,0.3515
K2-32 b,4035,8.991828,0.047,G9 V,Primary Transit,0.08035,0.443
K2-32 c,4036,20.66186,0.0255,G9 V,Primary Transit,0.1399,0.244
K2-32 d,4037,31.7142,0.0211,G9 V,Primary Transit,0.1862,0.292
K2-32 e,7070,4.34882,0.0066,G9 V,Primary Transit,0.04951,0.09
K2-33 b,2622,5.424865,3.7,M3.3,Primary Transit,0.0409,0.45
K2-34 b,2547,2.995633,1.78,F9 V,Primary Transit,0.0426,1.245
K2-36 b,3956,1.422614,0.01227,K2 V,Primary Transit,0.0223,0.128
K2-36 c,3957,5.3410507,0.02454,K2 V,Primary Transit,0.054,0.2783
K2-38 b,7272,4.01593,0.06,G2 V,Primary Transit,0.04994,0.17
K2-38 c,3963,10.56103,0.03115,G2 V,Primary Transit,0.0964,0.216
K2-39 b,4060,4.60543,0.09,,Primary Transit,0.062,0.56
K2-52 b,6995,3.535055,0.4046,,Primary Transit,0.054,1.606
K2-53 b,6996,12.20772,0.0289,,Primary Transit,0.098,0.232
K2-55 b,6740,2.849258,0.138,,Primary Transit,0.03486,0.341
K2-60 b,6509,3.00265,0.426,G4 V,Primary Transit,0.045,0.683
K2-66 b,6576,5.06963,0.06702,,Primary Transit,0.05983,0.222
K2-77 b,6514,8.199796,1.9,K,Primary Transit,,0.205
K2-79 b,7599,10.99475,0.0371,,Primary Transit,0.0987,0.3649
K2-87 b,7000,9.726618,0.1192,,Primary Transit,0.094,0.678
K2-90 b,7001,13.733314,0.028,,Primary Transit,0.096,0.232
K2-95 b,4053,10.134016,1.67,M3.0,Primary Transit,0.0696,0.346
K2-97 b,6515,8.406726,1.1,,Primary Transit,0.086,0.947
K2-98 b,4018,10.136448,0.101,F8 V,Primary Transit,0.0974,0.464
K2-99 b,4045,18.24783,0.87,G0 IV,Primary Transit,0.153,1.046
KELT-10 b,2438,4.166285,0.679,,Primary Transit,0.0525,1.399
KELT-11 b,3993,4.736529,0.195,G8,Primary Transit,0.06229,1.3
KELT-12 b,4027,5.0316144,0.95,F7,Primary Transit,0.0617,1.79
KELT-15 b,2453,3.329441,0.92,,Primary Transit,0.04613,1.443
KELT-16 b,4017,0.9689951,2.75,F7V,Primary Transit,0.02044,1.415
KELT-17 b,4002,3.0801716,1.31,A,Primary Transit,0.04881,1.525
KELT-18 b,6519,2.8717518,1.18,F4V,Primary Transit,0.0455,1.57
KELT-19 A b,6629,4.6117093,4.07,A8V,Primary Transit,,1.91
KELT-2 A b,1136,4.1137914,1.486,F7V,Primary Transit,0.05498,1.306
KELT-21 b,6685,3.6127647,3.91,A8V,Primary Transit,0.05224,1.586
KELT-23A b,7197,2.255251,0.938,,Primary Transit,0.03302,1.323
KELT-3 b,1231,2.7033902,1.418,F,Primary Transit,0.04117,1.333
KELT-4 A b,1281,2.9895933,0.884,F,Radial Velocity,0.04321,1.706
KELT-7 b,2359,2.734784,1.24,,Primary Transit,0.0446,1.293
KELT-8 b,2405,3.24406,0.874,G2V,Primary Transit,0.04571,1.86
KOI-12 b,2640,17.855182,1.1,,Primary Transit,0.154,1.23
KOI-1257 b,2282,86.647661,1.45,G5 V,Primary Transit,0.382,0.94
KOI-13 b,1016,1.763588,9.28,,Primary Transit,0.03641,1.512
KOI-142 b,1315,10.91647,0.03,G6 V,Primary Transit,,0.307
KOI-142 c,1316,22.26492,0.674,G6 V,Primary Transit,0.1529,
KOI-1599.01,5546,20.4415,0.01447,,Primary Transit,0.14728,0.17
KOI-1599.02,4353,13.6088,0.02832,,Primary Transit,0.112293,0.17
KOI-1783 b,4396,134.4786723,0.2234,,Primary Transit,0.5187,0.7904
KOI-1783 c,5541,284.060953,0.0472,,TTV,0.8539,0.4853
KOI-3680 b,5412,141.241671,1.93,,Primary Transit,0.534,0.99
KOI-4777,5190,0.412,0.00107,,Primary Transit,0.008,0.0455
KOI-55 b,1037,0.240104,0.0014,B,Other,0.006,0.068
KOI-55 c,1038,0.342887,0.0021,B,Other,0.0076,0.077
KOI-984 b,8007,4.2881785,0.0544,,Primary Transit,0.0504,0.384
Kepler-10 b,803,0.837491,0.0145,G,Primary Transit,0.0172,0.132
Kepler-10 c,804,45.2946,0.02319,G,Primary Transit,0.241,0.2097
Kepler-100 b,2463,6.88705,0.023,,Primary Transit,,0.118
Kepler-100 c,2472,12.8159,0.02218,,Primary Transit,,0.196
Kepler-100 d,2473,35.3331,0.00944,,Primary Transit,,0.144
Kepler-101 b,2236,3.4876812,0.16,G3 IV,Primary Transit,0.0474,0.51
Kepler-101 c,2237,6.02976,0.01,G3 IV,Primary Transit,0.0684,0.112
Kepler-102 b,2506,5.28696,0.01353,,Primary Transit,0.055,0.042
Kepler-102 c,2505,7.07142,0.00944,,Primary Transit,0.067,0.052
Kepler-102 d,1458,10.3117,0.012,,Primary Transit,,0.105
Kepler-416 b,7372,6.319,0.183,,TTV,,0.221
Kepler-102 e,1409,16.1457,0.028,,Primary Transit,0.117,0.198
Kepler-102 f,2504,27.4536,0.01636,,Primary Transit,0.165,0.079
Kepler-103 b,2474,15.9654,0.031,,Primary Transit,0.133,0.301
Kepler-103 c,2475,179.612,0.114,,Primary Transit,0.6679,0.459
Kepler-104 b,2238,11.427548,0.0167,,Primary Transit,0.094,0.277
Kepler-104 c,2239,23.668205,0.0242,,Primary Transit,0.153,0.279
Kepler-104 d,2240,51.755394,0.0311,,Primary Transit,0.257,0.319
Kepler-105 b,7327,5.4122,0.016,,Primary Transit,0.066,0.429
Kepler-105 c,2241,7.1262,0.01447,,Primary Transit,0.072,0.117
Kepler-106 b,2476,6.16486,0.01668,,Primary Transit,,0.073
Kepler-106 c,2477,13.5708,0.033,,Primary Transit,,0.223
Kepler-106 d,2478,23.9802,0.02549,,Primary Transit,,0.085
Kepler-106 e,2479,43.8445,0.035,,Primary Transit,,0.228
Kepler-107 b,2242,3.1800218,0.01104,,Primary Transit,0.04544,0.137
Kepler-107 c,2243,4.901452,0.02954,,Primary Transit,0.06064,0.142
Kepler-107 d,2244,7.95839,0.01196,,Primary Transit,0.08377,0.077
Kepler-107 e,2245,14.749143,0.02706,,Primary Transit,0.12639,0.259
Kepler-109 b,2480,6.48163,0.02297,,Primary Transit,,0.211
Kepler-109 c,2481,21.2227,0.06859,,Primary Transit,,0.225
Kepler-11 b,809,10.3039,0.006,G,Primary Transit,0.091,0.161
Kepler-11 c,810,13.0241,0.009,G,Primary Transit,0.107,0.256
Kepler-11 d,811,22.6845,0.023,G,Primary Transit,0.155,0.278
Kepler-11 e,812,31.9996,0.025,G,Primary Transit,0.195,0.374
Kepler-11 f,813,46.6888,0.006,G,Primary Transit,0.25,0.222
Kepler-11 g,814,118.3807,0.079,G,Primary Transit,0.466,0.297
Kepler-113 b,2482,4.754,0.037,,Primary Transit,,0.162
Kepler-113 c,2483,8.92507,0.02737,,Primary Transit,,0.194
Kepler-114 b,1464,5.188549,0.022,M0 V,Primary Transit,0.053,0.112
Kepler-114 c,1342,8.041,0.009,M0 V,Primary Transit,0.07,0.143
Kepler-114 d,1343,11.776,0.012,M0 V,Primary Transit,0.09,0.226
Kepler-117 b,2085,18.7959228,0.094,F8 V,Primary Transit,0.1445,0.719
Kepler-117 c,2086,50.790391,1.84,F8 V,Primary Transit,0.2804,1.101
Kepler-12 b,939,4.4379629,0.432,G0,Primary Transit,0.0553,1.754
Kepler-122 f,7328,56.268,0.113,,TTV,,0.156
Kepler-128 b,1344,15.09,0.00242,,Primary Transit,,0.128
Kepler-128 c,1345,22.804,0.00283,,Primary Transit,,0.12
Kepler-131 b,2484,16.092,0.051,,Primary Transit,,0.215
Kepler-131 c,2485,25.5169,0.026,,Primary Transit,,0.075
Kepler-138 b,2411,10.3126,0.00021,M1 V,Primary Transit,0.0746,0.047
Kepler-138 c,1504,13.7813,0.0062,M1 V,Primary Transit,,0.107
Kepler-138 d,1493,23.0881,0.00201,M1 V,Primary Transit,,0.108
Kepler-14 b,865,6.790123,8.4,F,Primary Transit,,1.136
Kepler-145 b,1348,22.951,0.117,,Primary Transit,,0.236
Kepler-145 c,1349,42.882,0.25,,Primary Transit,,0.385
Kepler-15 b,871,4.942782,0.66,,Primary Transit,0.05714,0.96
Kepler-150 f,6557,637.2093,0.0283,,Primary Transit,1.24,0.325
Kepler-1514 b,3047,217.83184,5.28,,Primary Transit,0.753,1.108
Kepler-1520 b,1179,0.65355357,6.3e-05,K4V,Primary Transit,0.013,
Kepler-160 d,7417,30.0,0.31463,,TTV,0.17,
Kepler-1625 b,2935,287.378949,11.6,,Primary Transit,,0.541
Kepler-1654 b,4304,1047.8356,0.5,G5 V,Primary Transit,2.026,0.819
Kepler-1655 b,4788,11.8728787,0.01573,G0 V,Primary Transit,0.103,0.197
Kepler-1656 b,6830,31.562,0.1504,,Primary Transit,0.1974,0.448
Kepler-1656 c,8154,1919.0,0.3977,,Radial Velocity,3.053,
Kepler-1658 b,7038,3.84937278,5.88,,Primary Transit,0.0544,1.07
Kepler-1661 (AB) b,7265,175.06,0.053,,Primary Transit,,
Kepler-167 d,2588,21.803855,0.006,K4,Primary Transit,0.1405,0.107
Kepler-167 e,2587,1071.23228,4.0,K4,Primary Transit,1.89,0.906
Kepler-17 b,870,1.4857108,2.45,G2 V,Primary Transit,0.02591,1.31
Kepler-1708 b,8058,737.1131,4.6,,Primary Transit,1.64,0.8886
Kepler-177 b,1350,35.8601,0.01837,,Primary Transit,,0.312
Kepler-177 c,1351,49.40926,0.04625,,Primary Transit,,0.779
Kepler-18 b,1004,3.504725,0.022,,Primary Transit,0.0447,0.178
Kepler-18 c,1005,7.64159,0.054,,Primary Transit,0.0752,0.49
Kepler-18 d,1006,14.85888,0.052,,Primary Transit,0.1172,0.623
Kepler-19 b,937,9.28716,0.02643,,Primary Transit,0.085,0.198
Kepler-19 c,938,28.731,0.04122,,TTV,,
Kepler-19 d,6553,62.95,0.07079,,Radial Velocity,,
Kepler-197 c,1641,10.349695,0.017,,Primary Transit,0.09,0.11
Kepler-20 b,1032,3.69611525,0.03052,G8,Primary Transit,0.0463,0.167
Kepler-20 c,1033,10.85409089,0.04012,G8,Primary Transit,0.0949,0.272
Kepler-20 d,1034,77.61130017,0.03168,G8,Primary Transit,0.3506,0.245
Kepler-20 e,1035,6.09852281,0.0097,G8,Primary Transit,0.0639,0.077
Kepler-20 f,1036,19.57758478,0.045,G8,Primary Transit,0.1396,0.089
Kepler-21 b,1026,2.78578,0.01598,F6 IV,Primary Transit,0.042717,0.146
Kepler-22 b,1029,289.8623,0.113,G5 V,Primary Transit,0.849,0.212
Kepler-223 b,1705,7.38449,0.02328,,Primary Transit,0.073,0.267
Kepler-223 c,1706,9.84564,0.01605,,Primary Transit,0.088,0.307
Kepler-223 d,1707,14.78869,0.02517,,Primary Transit,0.116,0.467
Kepler-223 e,1708,19.72567,0.0151,,Primary Transit,0.14,0.41
Kepler-23 b,1071,7.1073,0.8,,Primary Transit,0.075,0.17
Kepler-23 c,1072,10.7421,2.7,,Primary Transit,0.099,0.285
Kepler-23 d,1075,15.274299,0.055,,Primary Transit,0.124,0.196
Kepler-238 e,1352,23.654,0.534,,Primary Transit,,0.5
Kepler-238 f,1353,50.447,0.042,,Primary Transit,,0.178
Kepler-24 b,1073,8.1453,1.6,,Primary Transit,0.08,0.214
Kepler-24 c,1074,12.3335,1.6,,Primary Transit,0.106,0.25
Kepler-25 b,1077,6.238297,0.0275,,Primary Transit,0.068,0.245
Kepler-25 c,1076,12.7207,0.0479,,Primary Transit,0.11,0.465
Kepler-25 d,1494,122.4,0.226,,Radial Velocity,,
Kepler-26 b,1078,12.28,0.01611,M0 V,Primary Transit,0.085,0.248
Kepler-26 c,1079,17.2559,0.01951,M0 V,Primary Transit,0.107,0.243
Kepler-27 b,1081,15.3348,9.11,,Primary Transit,0.118,0.357
Kepler-27 c,1082,31.3309,13.8,,Primary Transit,0.191,0.437
Kepler-276 c,1354,31.884,0.052,,Primary Transit,,0.259
Kepler-276 d,1355,48.648,0.051,,Primary Transit,,0.25
Kepler-277 b,1356,17.324,0.275,,Primary Transit,,0.261
Kepler-277 c,1357,33.006,0.202,,Primary Transit,,0.3
Kepler-278 b,1839,30.160546,0.176,,Primary Transit,0.207,0.363
Kepler-278 c,1840,51.078775,0.1098,,Primary Transit,0.294,0.32
Kepler-279 c,1358,35.736,0.155,,Primary Transit,0.232,0.384
Kepler-279 d,1359,54.414,0.118,,Primary Transit,0.30728,0.277
Kepler-28 b,1083,5.9123,1.51,M0 V,Primary Transit,0.062,0.321
Kepler-28 c,1084,8.9858,1.36,M0 V,Primary Transit,0.081,0.303
Kepler-282 d,1360,24.806,0.192,,Primary Transit,,0.219
Kepler-282 e,1361,44.347,0.177,,Primary Transit,,0.277
Kepler-289 b,1863,34.545,0.023,,Primary Transit,0.21,0.192
Kepler-289 c,1864,125.8518,0.42,,Primary Transit,0.51,1.034
Kepler-289 d,2567,66.0634,0.013,,Primary Transit,0.33,0.239
Kepler-29 b,1062,10.33974,0.01573,,Primary Transit,0.09,0.227
Kepler-29 c,1063,13.28613,0.01416,,Primary Transit,0.11,0.209
Kepler-30 b,1064,29.33434,0.036,,Primary Transit,0.18,0.348
Kepler-30 c,1065,60.323105,2.01,,Primary Transit,0.3,1.097
Kepler-30 d,1066,143.34394,0.073,,Primary Transit,0.5,0.785
Kepler-305 b,1362,5.487,0.033,,Primary Transit,0.05856,0.321
Kepler-305 c,1363,8.291,0.019,,Primary Transit,0.07711,0.294
Kepler-307 b,1364,10.4208,0.02341,,Primary Transit,,0.217
Kepler-307 c,1365,13.0729,0.01145,,Primary Transit,,0.196
Kepler-31 c,1068,42.6318,4.7,,Primary Transit,0.26,0.473
Kepler-31 d,2217,87.6451,6.8,,Primary Transit,0.4,0.348
Kepler-32 b,1069,5.90124,4.1,M1 V,Primary Transit,0.05,0.196
Kepler-32 c,1070,8.7522,0.5,M1 V,Primary Transit,0.09,0.178
Kepler-328 b,1366,34.921,0.09,,Primary Transit,,0.205
Kepler-328 c,1367,71.312,0.124,,Primary Transit,,0.482
Kepler-338 b,1928,13.726976,0.0963,,Primary Transit,0.117,0.218
Kepler-338 e,2530,9.341,0.027,,TTV,,0.139
Kepler-34 (AB) b,1042,288.822,0.22,G,Primary Transit,1.0896,0.7637
Kepler-35 (AB) b,1043,131.458,0.1268,G,Primary Transit,0.60347,0.728
Kepler-350 c,1368,17.849,0.019,,Primary Transit,,0.277
Kepler-350 d,1369,26.136,0.047,,Primary Transit,,0.25
Kepler-36 b,1199,13.86825,0.01205,,Primary Transit,0.1153,0.134
Kepler-36 c,1200,16.21865,0.02243,,Primary Transit,0.1283,0.328
Kepler-37 b,1271,13.36731,0.01,,Primary Transit,0.1003,0.026
Kepler-37 c,1272,21.302,0.03776,,Primary Transit,0.1368,0.067
Kepler-37 d,1273,39.7922,0.017,,Primary Transit,0.2109,0.173
Kepler-391 c,2045,20.485435,1.416,,Primary Transit,0.161,0.316
Kepler-396 b,1372,42.994,0.238,,Primary Transit,0.36709,0.312
Kepler-396 c,1373,88.505,0.056,,Primary Transit,0.22662,0.473
Kepler-4 b,631,3.21346,0.077,G0,Primary Transit,0.0456,0.357
Kepler-40 b,799,6.87349,2.2,F5 IV,Primary Transit,0.08,1.17
Kepler-406 b,2486,2.42629,0.02,,Primary Transit,,0.128
Kepler-406 c,2487,4.62332,0.009,,Primary Transit,,0.076
Kepler-407 b,6907,0.66931,0.01007,,Primary Transit,,0.095
Kepler-407 c,6906,3000.0,12.6,,Radial Velocity,,
Kepler-408 b,2543,2.46502,0.01573,,Primary Transit,,0.073
Kepler-409 b,2542,68.9584,0.06922,,Primary Transit,,0.106
Kepler-41 b,872,1.8555582,0.56,G2 V,Primary Transit,0.03101,1.29
Kepler-411 b,1407,3.005156,0.08055,K2 V,Primary Transit,0.0375,0.214
Kepler-411 c,3210,7.834435,0.08306,K2 V,Primary Transit,0.0739,0.394
Kepler-411 d,7030,58.02035,0.04782,K2 V,Primary Transit,0.279,0.296
Kepler-411 e,7031,31.509728,0.03398,K2 V,TTV,0.186,
Kepler-412 b,1514,1.7208604,0.941,G3 V,Primary Transit,0.02897,1.341
Kepler-414 b,7368,4.7,0.011,,TTV,,0.153
Kepler-414 c,7369,7.171,0.094,,TTV,,0.269
Kepler-415 b,7370,4.176,0.377,,TTV,,0.108
Kepler-417 b,7374,12.331,0.035,,TTV,,0.206
Kepler-418 b,2287,86.67856,1.1,,Primary Transit,,1.2
Kepler-419 b,1197,69.7546,2.5,,Primary Transit,0.37,0.96
Kepler-419 c,2302,675.47,7.3,,TTV,1.68,
Kepler-42 b,1039,1.2137672,0.009,M,Primary Transit,0.0116,0.07
Kepler-42 c,1040,0.45328509,0.006,M,Primary Transit,0.006,0.065
Kepler-42 d,1041,1.865169,0.003,M,Primary Transit,0.0154,0.051
Kepler-422 b,2312,7.8914483,0.43,,Primary Transit,0.082,1.15
Kepler-423 b,2311,2.6843285,0.595,G4 V,Primary Transit,0.03585,1.192
Kepler-424 b,2309,3.3118644,1.03,,Primary Transit,0.044,0.89
Kepler-425 b,2313,3.79701816,0.25,K1 V,Primary Transit,0.0464,0.978
Kepler-426 b,2314,3.21751883,0.34,G1 V,Primary Transit,0.0414,1.09
Kepler-427 b,2315,10.290994,0.29,G2 V,Primary Transit,0.091,1.23
Kepler-428 b,2316,3.52563254,1.27,K1 V,Primary Transit,0.0433,1.08
Kepler-43 b,1007,3.0240949,3.23,F8 V,Primary Transit,0.046,1.219
Kepler-432 b,2326,52.501129,5.41,K2III,Primary Transit,0.301,1.145
Kepler-433 b,1130,5.33408384,2.82,,Primary Transit,0.0679,1.45
Kepler-434 b,4084,12.8747099,2.86,,Primary Transit,0.1143,1.13
Kepler-435 b,1131,8.6001536,0.84,,Primary Transit,0.0948,1.99
Kepler-44 b,1008,3.2467293,1.0,G2 IV,Primary Transit,0.0446,1.09
Kepler-445 b,2353,2.984151,0.02,M4,Primary Transit,,0.14
Kepler-445 c,2354,4.871229,0.027,M4,Primary Transit,,0.22
Kepler-445 d,2355,8.15275,0.011,M4,Primary Transit,,0.11
Kepler-446 b,2356,1.565409,0.014,M4,Primary Transit,,0.13
Kepler-446 c,2357,3.036179,0.009,M4,Primary Transit,,0.1
Kepler-446 d,2358,5.148921,0.01,M4,Primary Transit,,0.12
Kepler-447 b,2373,7.79430132,1.37,G8 V,Primary Transit,0.0769,1.65
Kepler-45 b,1028,2.455239,0.505,M,Primary Transit,0.03,0.96
Kepler-454 b,2495,10.57,0.01905,,Primary Transit,0.0954,0.21
Kepler-46 b,1107,33.60134,6.0,,Primary Transit,0.1968,0.808
Kepler-46 c,1108,57.011,0.376,,TTV,0.2799,
Kepler-462 b,2446,84.6866,0.16959,,Primary Transit,,0.268
Kepler-462 c,2447,207.62,0.01888,,Primary Transit,,0.357
Kepler-48 b,1146,4.778,0.0124,,Primary Transit,,0.168
Kepler-48 c,1147,9.67395,0.04597,,Primary Transit,,0.242
Kepler-48 d,1496,42.8961,0.025,,Primary Transit,,0.182
Kepler-48 e,1497,982.0,2.067,,Radial Velocity,,
Kepler-49 b,1148,7.2037945,0.98,M1 V,Primary Transit,,0.243
Kepler-49 c,1149,10.9129343,0.72,M1 V,Primary Transit,,0.227
Kepler-5 b,632,3.5484657,2.111,,Primary Transit,0.0538,1.426
Kepler-50 b,1150,7.81254,0.1,,Primary Transit,0.077,0.153
Kepler-50 c,1151,9.37647,0.11,,Primary Transit,0.087,0.194
Kepler-51 b,1152,45.154,0.007,,Primary Transit,0.2514,0.633
Kepler-51 c,1153,85.312,0.013,,Primary Transit,0.384,0.803
Kepler-51 d,1498,130.194,0.024,,Primary Transit,0.509,0.865
Kepler-52 b,1154,7.8773565,8.7,M0 V,Primary Transit,,0.187
Kepler-52 c,1155,16.3850021,10.41,M0 V,Primary Transit,,0.164
Kepler-538 b,3615,81.73778,0.03335,,Primary Transit,0.4669,0.198
Kepler-539 b,2394,125.63243,0.97,G2 V,Primary Transit,0.4988,0.747
Kepler-539 c,2395,1000.0,2.4,G2 V,TTV,2.42,
Kepler-54 b,1158,8.0109434,0.92,M1 V,Primary Transit,,0.187
Kepler-54 c,1159,12.0717249,0.37,M1 V,Primary Transit,,0.11
Kepler-55 b,1165,27.9481449,1.49,,Primary Transit,,0.217
Kepler-55 c,1166,42.1516418,1.11,,Primary Transit,,0.197
Kepler-56 b,1167,10.5016,0.07,,Primary Transit,0.1028,0.581
Kepler-56 c,1168,21.40239,0.57,,Primary Transit,0.1652,0.874
Kepler-57 c,1170,11.6092567,6.95,,Primary Transit,,0.138
Kepler-58 b,1171,10.2184954,1.39,,Primary Transit,,0.248
Kepler-58 c,1172,15.5741568,2.19,,Primary Transit,,0.255
Kepler-59 b,1173,11.8681707,2.05,,Primary Transit,0.112,0.098
Kepler-59 c,1174,17.9801235,1.37,,Primary Transit,0.148,0.177
Kepler-595 b,2658,25.3029092,0.05475,,Primary Transit,,0.331
Kepler-595 c,7664,12.38602,0.01038,,Primary Transit,,0.09
Kepler-6 b,633,3.2346996,0.668,,Primary Transit,0.04852,1.304
Kepler-60 b,1175,7.1334,0.01318,,Primary Transit,0.07497,0.153
Kepler-60 c,1176,8.9187,0.01211,,Primary Transit,0.08701,0.17
Kepler-60 d,1177,11.8981,0.01309,,Primary Transit,0.10548,0.178
Kepler-62 b,1257,5.714932,0.03,K2 V,Primary Transit,0.0553,0.117
Kepler-62 c,1258,12.4417,0.013,K2 V,Primary Transit,0.0929,0.048
Kepler-62 d,1259,18.16406,0.044,K2 V,Primary Transit,0.12,0.174
Kepler-62 e,1260,122.3874,0.113,K2 V,Primary Transit,0.427,0.144
Kepler-62 f,1261,267.291,0.11,K2 V,Primary Transit,0.718,0.126
Kepler-63 b,1327,9.4341505,0.378,,Primary Transit,0.08,0.545
Kepler-65 d,1313,8.13123,0.034,B,Primary Transit,0.084,0.136
Kepler-65 e,7322,258.8,0.82,B,Radial Velocity,,
Kepler-66 b,1297,17.815815,0.047,G0 V,Primary Transit,0.1352,0.25
Kepler-67 b,1298,15.7259,0.047,G9 V,Primary Transit,0.1171,0.262
Kepler-68 b,1254,5.3988,0.02407,,Primary Transit,0.0617,0.206
Kepler-68 c,1255,9.6051,0.00642,,Primary Transit,0.09059,0.0827
Kepler-7 b,634,4.8854892,0.441,,Primary Transit,0.06067,1.622
Kepler-74 b,1128,7.340711,0.63,F8 V,Primary Transit,0.0781,0.96
Kepler-75 b,1267,8.8849116,10.1,K0 V,Primary Transit,0.0818,1.05
Kepler-76 b,1306,1.5449298,2.01,F,Other,0.0274,1.36
Kepler-77 b,1374,3.57878087,0.43,G5 V,Primary Transit,0.04501,0.96
Kepler-78 b,1288,0.35500744,0.00619,G,Primary Transit,0.01,0.1
Kepler-79 b,1385,13.4845,0.0343,,Primary Transit,0.117,0.31
Kepler-79 c,1386,27.4029,0.019,,Primary Transit,0.187,0.332
Kepler-79 d,1387,52.0902,0.019,,Primary Transit,0.287,0.639
Kepler-79 e,1388,81.0659,0.013,,Primary Transit,0.386,0.311
Kepler-8 b,635,3.5224991,0.59,,Primary Transit,0.0474,1.416
Kepler-80 b,1160,7.05246,0.0218,K5,Primary Transit,0.0648,0.238
Kepler-80 c,1161,9.52355,0.02121,K5,Primary Transit,0.0792,0.244
Kepler-80 d,1162,3.07222,0.02124,K5,Primary Transit,0.0372,0.136
Kepler-80 e,1163,4.64489,0.01299,K5,Primary Transit,0.0491,0.143
Kepler-82 b,1394,26.44,0.03823,,Primary Transit,0.1683,0.363
Kepler-82 c,1395,51.54,0.04373,,Primary Transit,0.2626,0.476
Kepler-82 f,7161,75.732,0.06576,,TTV,0.3395,
Kepler-85 b,1370,8.306,0.0465,,Primary Transit,0.07891,0.176
Kepler-85 c,1371,12.513,0.059,,Primary Transit,0.10369,0.194
Kepler-87 b,1232,114.73635,1.02,,Primary Transit,0.481,1.204
Kepler-87 c,1233,191.2318,0.02,,Primary Transit,0.676,0.548
Kepler-88 d,7181,1403.0,3.05,G6 V,Radial Velocity,2.464,
Kepler-89 b,1203,3.743208,0.033,,Primary Transit,0.05119,0.153
Kepler-89 c,1204,10.423648,0.049,,Primary Transit,0.1013,0.385
Kepler-89 d,1205,22.342989,0.334,,Primary Transit,0.1684,1.005
Kepler-89 e,1206,54.32031,0.11,,Primary Transit,0.3046,0.585
Kepler-9 b,741,19.23891,0.13655,,Primary Transit,0.143,0.74
Kepler-9 c,742,38.9853,0.09408,,Primary Transit,0.227,0.721
Kepler-9 d,743,1.592851,0.016518264481,,Primary Transit,0.0273,0.146
Kepler-91 b,1491,6.24658,0.81,K3,Primary Transit,0.0731,1.367
Kepler-92 b,1346,13.749,0.202,,Primary Transit,,0.313
Kepler-92 c,1347,26.723,0.019,,Primary Transit,,0.232
Kepler-93 b,2275,4.72674,0.0143,,Primary Transit,0.053,0.14
Kepler-93 c,2489,1460.0,3.0,,Radial Velocity,16.6,
Kepler-94 b,2525,2.50806,0.034,M0 V,Primary Transit,,0.313
Kepler-94 c,2526,820.3,9.836,M0 V,Radial Velocity,,
Kepler-95 b,2529,11.5231,0.041,,Primary Transit,,0.305
Kepler-96 b,2490,16.2385,0.027,,Primary Transit,,0.238
Kepler-97 b,7380,2.58664,0.011,G0V,Primary Transit,,0.132
Kepler-97 c,7564,789.0,1.08,G0V,Radial Velocity,,
Kepler-98 b,7376,1.54168,0.011,,Primary Transit,,0.178
Kepler-99 b,7381,4.60358,0.019,,Primary Transit,,0.132
L 168-9 b,7276,1.4015,0.0145,M1V,Primary Transit,0.02091,0.124
L 98-59 b,6861,2.2531136,0.0013,,Primary Transit,0.02191,0.0758
L 98-59 c,6862,3.6906777,0.00698,,Primary Transit,0.0304,0.12356
L 98-59 d,6863,7.4507245,0.0061,,Primary Transit,0.0486,0.1357
LHS 1140 b,6561,24.736,0.02196,M4.5,Primary Transit,0.0936,0.15407
LHS 1140 c,6796,3.777931,0.00569,M4.5,Primary Transit,0.02675,0.11437
LHS 1478 b,7810,1.9495378,0.00733,M3.5V,Primary Transit,0.01848,0.1106
LHS 1678 b,7996,0.8602322,0.00019,M2V,Primary Transit,0.01251,0.06209
LHS 1678 c,7997,3.694237,0.00123,M2V,Primary Transit,0.0331,0.08761
LHS 1815 b,7310,3.81433,0.0132,,Primary Transit,0.0404,0.09707
LKCA 15 b,1017,40000.0,6.0,K5V,Imaging,15.7,
LP 714-47 b,7534,4.052037,0.0969,M0V,Primary Transit,0.0417,0.419
LP 890-9 b,8385,2.7299025,0.0415,,Primary Transit,0.01875,0.1178
LP 890-9 c,8386,8.457463,0.0796,,Primary Transit,0.03984,0.12196
LTT 1445A b,7150,5.3587657,0.00903,M,Primary Transit,0.03813,0.11643
LTT 1445A c,7378,3.1239035,0.00485,M,Primary Transit,0.0266,0.10233
LTT 3780 b,7301,0.7683881,0.00982,M4V,Primary Transit,0.012,0.11883
LTT 3780 c,7302,12.252048,0.0267,M4V,Primary Transit,0.077,0.205
LTT 9779 b,7171,0.792052,0.09225,G8,Primary Transit,0.01679,0.4211
MASCARA-1 b,6599,2.14878,3.7,A8,Primary Transit,0.043,1.5
MASCARA-3 b,7129,5.5514926,5.18,F5,Primary Transit,0.06971,1.272
MOA-2009-BLG-266L b,679,2780.0,0.0327,,Microlensing,3.2,
MOA-2009-BLG-387L b,815,1970.0,2.6,M,Microlensing,1.8,
NGTS-1 b,6660,2.647298,0.812,M05,Primary Transit,0.0326,1.33
NGTS-11 b,7403,35.455285,0.37,,Primary Transit,0.2,0.823
NGTS-12 b,7503,7.532806,0.208,,Primary Transit,0.0757,1.048
NGTS-13 b,7557,4.119027,4.84,,Primary Transit,0.0549,1.142
NGTS-14A b,7556,3.5357173,0.092,K1V,Primary Transit,0.0403,0.44
NGTS-15 b,7824,3.27623,0.751,G6V,Primary Transit,0.0441,1.1
NGTS-16 b,7825,4.84532,0.667,G7V,Primary Transit,0.0523,1.3
NGTS-17 b,7826,3.24253,0.764,G4V,Primary Transit,0.0391,1.24
NGTS-18 b,7827,3.05125,0.409,G5V,Primary Transit,0.0448,1.21
NGTS-2 b,6752,4.5111204,0.67,F5V,Primary Transit,0.0584,1.536
NGTS-20 b,8253,54.18915,2.98,G1IV,Primary Transit,0.313,1.07
NGTS-21 b,8425,1.5433897,2.36,,Primary Transit,0.0236,1.33
NGTS-3A b,6748,1.6753728,2.38,G9V,Primary Transit,0.023,1.48
NGTS-4 b,6833,1.3373508,0.0648,,Primary Transit,0.019,0.2837
NGTS-5 b,7093,3.3569866,0.229,K2V,Primary Transit,0.0382,1.136
NGTS-6 b,7083,0.882058,1.33,,Primary Transit,0.016623018,1.271
NGTS-8 b,7207,2.4997,0.93,KOV,Primary Transit,0.035,1.09
NGTS-9 b,7208,4.43527,2.9,F8V,Primary Transit,0.058,1.07
NN Ser (AB) c,751,5660.0,6.91,WD+M,Pulsar,5.38,
NN Ser (AB) d,609,2830.0,2.28,WD+M,Pulsar,3.39,
OGLE-2005-071L b,288,3600.0,3.5,,Microlensing,3.6,
OGLE-2005-390L b,315,3500.0,0.017,M,Microlensing,2.1,
OGLE-2006-109L b,451,1790.0,0.727,,Microlensing,2.3,
OGLE-2006-109L c,452,4931.0,0.271,,Microlensing,4.5,
OGLE-2016-BLG-1190L b,6659,1223.6,13.38,,Microlensing,2.17,
OGLE-2018-BLG-0740L b,7106,3100.0,4.5,,Microlensing,4.2,
OGLE-TR-10 b,248,3.10129,0.68,G or K,Primary Transit,0.04162,1.72
OGLE-TR-111 b,251,4.01451,0.54,G or K,Primary Transit,0.047,1.077
OGLE-TR-113 b,123,1.4324772,1.24,K,Primary Transit,0.0229,1.11
OGLE-TR-132 b,124,1.689868,1.17,F,Primary Transit,0.0306,1.23
OGLE-TR-182 b,431,3.9791,1.06,,Primary Transit,0.051,1.47
OGLE-TR-211 b,445,3.67724,0.75,,Primary Transit,0.051,1.26
OGLE-TR-56 b,1,1.211909,1.3,G,Primary Transit,0.0225,1.2
OGLE2-TR-L9 b,437,2.4855335,4.34,F3,Primary Transit,0.0404,1.614
Oph 98 b,7873,8035500.0,7.8,M9-L1,Imaging,200.0,1.86
PDS 70 b,6770,45108.0,7.0,K7,Imaging,22.7,
PDS 70 c,7123,69945.0,4.4,K7,Imaging,30.2,
PSR 1257 12 b,275,25.262,7e-05,PSR,Pulsar,0.19,
PSR 1257 12 c,277,66.5419,0.013,PSR,Pulsar,0.36,
PSR 1257 12 d,236,98.2114,0.012,PSR,Pulsar,0.46,
PSR 1719-14 b,884,0.090706293,1.0,PSR,Pulsar,0.0044,0.4
PSR B1620-26 (AB) b,235,36525.0,2.5,PSR,Pulsar,23.0,
PSR J1807-2459 A b,2458,0.07,9.4,PSR,Pulsar,,
PSR J2241-5236 b,2457,0.1456722395,12.0,PSR,Pulsar,,
Qatar-1 b,785,1.42002504,1.294,K,Primary Transit,0.02332,1.143
Qatar-10 b,7062,1.645321,0.736,F7V,Primary Transit,0.0286,1.534
Qatar-2 b,866,1.33711647,2.494,K,Primary Transit,0.02153,1.254
Qatar-6 A b,6684,3.506189,0.668,K2V,Primary Transit,0.0423,1.062
Qatar-7 b,6936,2.032046,1.88,F4V,Primary Transit,0.0352,1.7
Qatar-8 b,7060,3.71495,0.371,GOV,Primary Transit,0.0474,1.285
Qatar-9 b,7061,1.540731,1.19,K5V,Primary Transit,0.0234,1.009
SWEEPS-04 b,351,4.2,3.8,,Primary Transit,0.055,0.81
SWEEPS-11 b,358,1.796,9.7,,Primary Transit,0.03,1.13
TIC 172900988 (AB) b,7859,188.763,2.84,,Pulsar,0.867,0.9876
TIC 237913194 b,7514,15.168865,1.942,,Primary Transit,0.1207,1.117
TOI-1062 b,7851,4.11412,0.032,,Primary Transit,0.052,0.20198
TOI-1064 b,8056,6.443868,0.0425,,Primary Transit,0.06152,0.2308
TOI-1064 c,8057,12.226574,0.0079,,Primary Transit,0.09429,0.23651
TOI-1075 b,8109,0.6047328,0.013,,Primary Transit,0.0118,0.1534
TOI-1107 b,8235,4.0782387,3.35,,Primary Transit,0.0561,1.3
TOI-1130 c,7326,8.350381,0.974,K,Primary Transit,0.07098,1.5
TOI-1136 b,8455,4.17278,0.00947,,Primary Transit,,0.17
TOI-1136 c,8456,6.25725,0.019,,Primary Transit,,0.25685
TOI-1136 d,8457,12.51937,0.025,,Primary Transit,,0.4128
TOI-1136 e,8458,18.7922,0.017,,Primary Transit,,0.23544
TOI-1136 f,8459,26.3162,0.0261,,Primary Transit,,0.3462
TOI-1136 g,8460,39.5387,0.0151,,Primary Transit,,0.2257
TOI-1201 b,7979,2.4919863,0.01976,M2V,Primary Transit,0.0287,0.21545
TOI-122 b,7532,5.07803,0.0277,,Primary Transit,0.0392,0.2427
TOI-1231 b,7858,24.245586,0.0485,M3V,Primary Transit,0.1288,0.3256
TOI-1235 b,7382,3.444717,0.0186,M0.5V,Primary Transit,0.03826,0.15113
TOI-1238 b,8013,0.764597,0.01183,,Primary Transit,0.0139,0.1079
TOI-1238 c,8014,3.294736,0.02618,,Primary Transit,0.037,0.1882
TOI-1246 b,8180,4.30744,0.0255,,Primary Transit,0.049,0.2685
TOI-1246 c,8181,5.904144,0.0277,,Primary Transit,0.061,0.2239
TOI-1246 d,8182,18.6559,0.0167,,Primary Transit,0.131,0.3131
TOI-1246 e,8183,37.9216,0.0466,,Primary Transit,0.211,0.3372
TOI-125 b,7273,4.65382,0.0299,K0V,Primary Transit,0.05186,0.2432
TOI-125 c,7274,9.15059,0.02086,K0V,Primary Transit,0.0814,0.24614
TOI-125 d,7275,19.98,0.0428,K0V,Primary Transit,0.137,0.2614
TOI-1259A b,7555,3.47798,0.441,,Primary Transit,0.0407,1.022
TOI-1260 b,7841,3.12748,0.02709,K6V,Primary Transit,0.0366,0.20832
TOI-1260 c,7842,7.49325,0.03725,K6V,Primary Transit,0.0656,0.2516
TOI-1266 b,7421,10.894843,0.05,M2,Primary Transit,0.0736,0.2114
TOI-1266 c,7422,18.80151,0.0201,M2,Primary Transit,0.1058,0.1392
TOI-1268 b,8112,8.1577094,0.29,K1-K2,Primary Transit,0.072,0.82
TOI-1298 b,7934,4.537164,0.356,,Primary Transit,0.059,0.841
TOI-132 b,7205,2.1097008,0.07183,G8V,Primary Transit,0.026,0.306
TOI-1333 b,7552,4.720219,2.37,,Primary Transit,0.0626,1.396
TOI-1338 b,7260,95.141,0.095,,Primary Transit,0.4491,0.5986
TOI-1411 b,8102,1.4520358,0.0079,K6V,Primary Transit,0.023,0.1213
TOI-1422 b,8250,12.9972,0.028,G2V,Primary Transit,0.108,0.3533
TOI-1431 b/MASCARA-5 b,7848,2.65022,3.14,AmC,Primary Transit,0.047,1.508
TOI-1442 b,8101,0.41,0.005,,Primary Transit,0.0071,0.1044
TOI-1444 b,7861,0.4702694,0.01218,,Primary Transit,,0.12463
TOI-1452 b,8371,11.06201,0.01517,M4,Primary Transit,0.061,0.14917
TOI-1468 b,8376,1.8805136,0.0101,M3.0V,Primary Transit,0.0208,0.1142
TOI-1468 c,8377,15.532482,0.02089,M3.0V,Primary Transit,0.0849,0.18414
TOI-1478 b,7553,10.180249,0.847,,Primary Transit,0.0903,1.06
TOI-150 b,7036,5.857487,2.51,F,Primary Transit,0.0643,1.255
TOI-157 b,7320,2.0845435,1.18,G9IV,Primary Transit,0.0318,1.286
TOI-1601 b,7554,5.331751,0.99,,Primary Transit,0.06864,1.239
TOI-163 b,7149,4.231306,1.22,F,Primary Transit,0.058,1.489
TOI-1634 b,7829,0.989343,0.01545,M2,Primary Transit,0.01545,0.1597
TOI-1669 b,8399,2.68005,0.0132,G5,Primary Transit,,0.214
TOI-1670 b,8140,10.98462,0.0434,,Primary Transit,0.103,0.1838
TOI-1670 c,8141,40.74976,0.63,,Primary Transit,0.249,0.987
TOI-1685 b,7816,0.6691403,0.01189,M3.0V,Primary Transit,,0.152
TOI-169 b,7321,2.2554477,0.791,G1V,Primary Transit,0.03524,1.086
TOI-1693 b,8100,1.7666957,0.0088,,Primary Transit,0.0226,0.1258
TOI-1694 b,8400,3.77015,0.0979,,Primary Transit,,0.4853
TOI-1696 b,8138,2.50031,0.1787,,Primary Transit,0.0235,0.2891
TOI-1710 b,8172,24.283429,0.089,G5V,Primary Transit,0.16,0.4764
TOI-172 b,7010,9.47721,5.41,,Primary Transit,0.0913,0.965
TOI-1728 b,7428,3.49151,0.08426,,Primary Transit,0.0391,0.4505
TOI-1749 b,8390,2.38839,0.06,M0V,Primary Transit,0.0291,0.124
TOI-1749 c,8391,4.4929,0.0066,M0V,Primary Transit,0.0443,0.1891
TOI-1749 d,8392,9.0497,0.0135,M0V,Primary Transit,0.0707,0.2248
TOI-1759 b,8115,18.849975,0.0214,M0V,Primary Transit,0.1176,0.273
TOI-178 b,6858,1.914558,0.00472,,Primary Transit,0.02607,0.10278
TOI-178 c,6859,3.23845,0.01501,,Primary Transit,0.037,0.1489
TOI-178 d,6860,6.5577,0.00947,,Primary Transit,0.0592,0.22946
TOI-178 e,7524,9.961881,0.01214,,Primary Transit,0.0783,0.1969
TOI-178 f,7525,15.231915,0.02429,,Primary Transit,0.1039,0.20403
TOI-178 g,7526,20.7095,0.0124,,Primary Transit,0.1275,0.256
TOI-1789 b,7902,3.208666,0.7,,Primary Transit,0.04873,1.4
TOI-179 b,8431,4.1374386,0.0758,,Primary Transit,0.0476,0.2436
TOI-1807 b,7926,0.549229,0.00714,,Primary Transit,0.0135,0.1222
TOI-1811 b,8204,3.7130818,0.974,,Primary Transit,0.04393,1.0
TOI-1820 b,8188,4.8607,2.3,,Primary Transit,0.069,1.12
TOI-1842 b,8023,9.5739,0.214,,Primary Transit,0.1,1.04
TOI-1860 b,8099,1.062107,0.0069,G5V,Primary Transit,0.0204,0.1169
TOI-1899 b,7433,29.02,0.66,M0,Primary Transit,0.1587,1.37
TOI-2000 b,8422,3.098331,0.0324,,Primary Transit,0.0426,0.2355
TOI-2000 c,8423,9.1270553,0.2382,,Primary Transit,0.0875,0.711
TOI-201 b,7819,52.97818,0.42,F6V,Primary Transit,0.3,1.0
TOI-2025 b,8189,8.872086,4.4,,Primary Transit,0.089,1.12
TOI-206 b,8108,0.7363104,0.0069,,Primary Transit,0.0112,0.116
TOI-2081 b,8240,10.50534,0.016,M1,Primary Transit,0.0752,0.182
TOI-2109 b,8012,0.67247414,5.02,F0,Primary Transit,,1.347
TOI-2136 b,8134,7.85191,0.0148,,Primary Transit,0.054,0.1865
TOI-2145 b,8205,10.261081,5.35,,Primary Transit,0.1108,1.103
TOI-2152 b,8206,3.3773512,2.83,,Primary Transit,0.05064,1.281
TOI-2154 b,8207,3.6240801,0.92,,Primary Transit,0.0513,1.453
TOI-2158 b,8190,8.60077,0.82,,Primary Transit,0.074,0.96
TOI-216 b,7013,17.0968,0.059,,Primary Transit,0.1293,0.6861
TOI-216 c,7014,34.5516,0.56,,Primary Transit,0.2068,0.901
TOI-2180 b,8061,260.158,2.755,,Primary Transit,0.828,1.01
TOI-2193 b,8217,2.1225735,0.94,,Primary Transit,0.03319,1.77
TOI-2196 b,8369,1.1947268,0.082,,Primary Transit,0.02234,0.3131
TOI-220 b,7853,10.695264,0.0428,,Radial Velocity,0.0892,0.2694
TOI-2202 b,7954,11.9101,0.978,K8V,Primary Transit,0.09564,1.0
TOI-2202 c,7955,24.6744,0.369,K8V,TTV,0.15544,
TOI-2207 b,8218,8.001968,0.64,,Primary Transit,0.0854,0.995
TOI-2236 b,8219,3.5315902,1.58,,Primary Transit,0.05,1.282
TOI-2257 b,8000,35.189346,0.0179,M3,Primary Transit,0.145,0.19574
TOI-2260 b,8098,0.3524728,0.011,,Primary Transit,0.0097,0.1445
TOI-2285 b,7995,27.26955,0.0614,,Primary Transit,0.1363,0.1552
TOI-237 b,7531,5.436098,0.009,,Primary Transit,0.0341,0.1285
TOI-2406 b,7941,3.0766896,0.0286,M4V,Primary Transit,0.0228,0.2623
TOI-2411 b,8096,0.7826942,0.0123,K5V,Primary Transit,0.0144,0.1499
TOI-2421 b,8220,4.474032,0.333,,Primary Transit,0.0543,0.924
TOI-2427 b,8095,1.3060011,0.0129,K,Primary Transit,0.0202,0.161
TOI-2445 b,8094,0.3711281,0.006,M,Primary Transit,0.0064,0.1115
TOI-2497 b,8208,10.655661,5.21,,Primary Transit,0.1167,1.0
TOI-251 b,7539,4.93777,1.0,,Primary Transit,0.05741,0.2444
TOI-2567 b,8221,5.983944,0.2,,Primary Transit,0.0672,0.975
TOI-257 b,7271,18.38827,0.134,F8/G0V,Primary Transit,0.1523,0.626
TOI-269 b,7850,3.6977104,0.0277,M2V,Primary Transit,0.0345,0.2471
TOI-270 b,7048,3.36008,0.006,M3.0V,Primary Transit,0.0306,0.11125
TOI-270 c,7049,5.660172,0.0208,M3.0V,Primary Transit,0.0472,0.2159
TOI-270 d,7050,11.38014,0.017,M3.0V,Primary Transit,0.0733,0.19
TOI-3331 b,8222,2.0180231,2.27,,Primary Transit,0.03144,1.158
TOI-3362 b,7973,18.09547,5.029,G5,Primary Transit,0.153,1.142
TOI-3540 b,8223,3.119999,1.18,,Primary Transit,0.04289,2.1
TOI-3629 b,8092,3.936551,0.26,,Primary Transit,0.043,0.74
TOI-3693 b,8224,8.088516,1.02,,Primary Transit,0.081,1.124
TOI-3714 b,8091,2.154849,0.7,,Primary Transit,0.027,1.01
TOI-3757 b,8147,3.438753,0.2684,,Primary Transit,0.03845,1.07
TOI-3884 b,8461,4.5445697,0.0519,,Primary Transit,0.0354,0.5629
TOI-402 b,7046,4.75642,0.0227,,Primary Transit,0.05245,0.1516
TOI-402 c,7047,17.1784,0.02766,,Primary Transit,0.1235,0.225
TOI-4137 b,8225,3.8016122,1.01,,Primary Transit,0.05222,1.211
TOI-4138 b,7983,3.660028,0.67,,Primary Transit,0.051,1.49
TOI-431 b,7948,0.490047,0.00966,,Primary Transit,0.0113,0.1142
TOI-431 c,7949,4.8494,2.84,,Radial Velocity,0.052,
TOI-431 d,7950,12.46103,0.0311,,Primary Transit,0.098,0.2935
TOI-4479 b,8239,1.1589,0.0261,M3,Primary Transit,0.0164,0.2516
TOI-4562 b,8378,225.11757,3.29,F7V,Primary Transit,0.771,1.072
TOI-500 b,8107,0.5481579,0.005,,Primary Transit,0.0128,0.1035
TOI-5153 b,8254,20.33003,3.26,F8V,Primary Transit,0.158,1.06
TOI-5205 b,8414,1.630757,1.08,M4.0,Primary Transit,0.0199,1.035
TOI-530 b,7984,6.387597,0.4,,Primary Transit,0.052,0.83
TOI-532 b,7939,2.32666508,0.1935,,Primary Transit,0.0296,0.5192
TOI-544 b,8104,1.548351,0.016,,Primary Transit,0.0251,0.1811
TOI-5542 b,8424,75.12375,1.32,,Primary Transit,0.332,1.009
TOI-558 b,7799,14.574071,3.61,,Primary Transit,0.1291,1.086
TOI-559 b,7800,6.9839095,6.01,,Primary Transit,0.0723,1.091
TOI-561 b,7486,0.4465688,0.00705,,Primary Transit,0.0106,0.1222
TOI-561 c,7487,10.778831,0.0208,,Primary Transit,0.089,0.2596
TOI-561 d,7529,25.7124,0.03823,,Primary Transit,0.159,0.2516
TOI-561 e,7530,77.03,0.0428,,Primary Transit,0.33,0.2275
TOI-564 b,7255,1.651144,1.463,,Primary Transit,0.02734,1.02
TOI-620 b,8158,5.0988179,0.0485,M2.5V,Primary Transit,0.04825,0.3354
TOI-628 b,7550,3.4095675,6.33,,Primary Transit,0.0486,1.06
TOI-640 b,7551,5.0037775,0.88,,Primary Transit,0.06608,1.771
TOI-674 b,7891,1.977143,0.0739,,Primary Transit,0.0231,0.4693
TOI-677 b,7211,11.2366,1.236,,Primary Transit,0.1038,1.179
TOI-700 b,7257,9.97701,0.00406,M2V,Primary Transit,0.0637,0.0901
TOI-700 c,7258,16.051998,0.0249,M2V,Primary Transit,0.0925,0.2346
TOI-700 d,7259,37.426,0.00711,M2V,Primary Transit,0.163,0.1062
TOI-712 b,8002,9.531361,0.0176,,Primary Transit,0.07928,0.1828
TOI-712 c,8003,51.69906,0.0274,,Primary Transit,0.2447,0.241
TOI-712 d,8004,84.8396,0.0236,,Primary Transit,0.3405,0.22072
TOI-763 b,7473,5.6057,0.0308,,Primary Transit,0.06,0.2034
TOI-763 c,7474,12.2737,0.02932,,Primary Transit,0.1,0.2346
TOI-776 b,7491,8.24664,0.01466,M1V,Primary Transit,0.0652,0.1633
TOI-776 c,7492,15.6653,0.0192,M1V,Primary Transit,0.1,0.1838
TOI-824 b,7485,1.392978,0.058104,K4V,Primary Transit,0.02177,0.26104
TOI-833 b,8106,1.04318777,0.006,M0V,Primary Transit,0.0171,0.1133
TOI-836 b,8373,3.81673,0.01425,,Primary Transit,0.0422,0.15202
TOI-836 c,8374,8.59545,0.0302,,Primary Transit,0.075,0.2308
TOI-849 b,7332,0.76552414,0.12299,G,Primary Transit,0.01598,0.30726
TOI-905 b,7256,3.739494,0.667,,Primary Transit,0.04666,1.171
TOI-942 b,7537,4.32419,2.599,,Primary Transit,0.04796,0.4291
TOI-942 c,7538,10.15643,2.501,,Primary Transit,0.0847,0.5166
TOI-954 b,7528,3.6849729,0.174,,Primary Transit,0.04963,0.852
TOI-969 b,8453,1.8237305,0.0286,K,Primary Transit,0.02636,0.24668
TRAPPIST-1 b,2630,1.51087081,0.0027,M8,Primary Transit,0.01111,0.09689
TRAPPIST-1 c,2631,2.4218233,0.00434,M8,Primary Transit,0.01521,0.09421
TRAPPIST-1 d,2632,4.04961,0.0013,M8,Primary Transit,0.02144,0.0689
TRAPPIST-1 e,6526,6.099615,0.002,M8,Primary Transit,0.02817,0.0819
TRAPPIST-1 f,6527,9.20669,0.0021,M8,Primary Transit,0.0371,0.09323
TRAPPIST-1 g,6528,12.35294,0.00422,M8,Primary Transit,0.0451,0.1005
TRAPPIST-1 h,6529,20.0,0.001041,M8,Primary Transit,0.063,0.0674
TVLM 513-46546 b,7453,220.0,0.38,M8.5V,Astrometry,0.3,
TrES-1 b,246,3.0300722,0.761,K0V,Primary Transit,0.0393,1.099
TrES-2 A b,344,2.4706133738,1.253,G0V,Primary Transit,0.03555,1.189
TrES-4 b,414,3.5539268,0.917,F,Primary Transit,0.05084,1.706
TrES-5 b,910,1.4822446,1.778,,Primary Transit,0.02446,1.209
V 1298 Tau b,7029,24.1382,2.2,K0-K1.5,Primary Transit,0.1688,0.8217
V391 Peg b,374,1170.0,3.2,sdB,Pulsar,1.7,
WASP-10 b,464,3.0927616,3.16,K5,Primary Transit,0.0371,1.08
WASP-103 b,1499,0.925542,1.49,F8V,Primary Transit,0.01985,1.528
WASP-104 b,2295,1.7554137,1.272,G8,Primary Transit,0.02918,1.137
WASP-106 b,2296,9.289715,1.925,F9,Primary Transit,0.0917,1.085
WASP-108 b,2321,2.6755463,1.167,F9,Primary Transit,0.0397,1.215
WASP-109 b,2322,3.3190233,0.91,F4,Primary Transit,0.0463,1.443
WASP-110 b,2323,3.7783977,0.515,G9,Primary Transit,0.0457,1.238
WASP-111 b,2324,2.310965,1.85,F5,Primary Transit,0.03914,1.442
WASP-112 b,2325,3.0353992,0.88,G6,Primary Transit,0.0382,1.191
WASP-113 b,3998,4.54216874538,0.475,G1,Primary Transit,0.05885,1.409
WASP-114 b,3999,1.5487743,1.769,G0,Primary Transit,0.02851,1.339
WASP-118 b,4020,4.0460435,0.514,F6,Primary Transit,0.05453,1.44
WASP-119 b,2550,2.49979,1.23,G5,Primary Transit,0.0363,1.4
WASP-12 b,459,1.09141937,1.47,G0,Primary Transit,0.02344,1.9
WASP-121 b,2410,1.2749255,1.184,F6V,Primary Transit,0.02544,1.865
WASP-124 b,2551,3.37265,0.6,F9,Primary Transit,0.0499,1.24
WASP-126 b,2552,3.2888,0.2841,G2,Primary Transit,0.0449,0.96
WASP-126 c,7158,7.63,0.202,G2,TTV,,
WASP-129 b,2553,5.748145,1.0,G1,Primary Transit,0.0628,0.93
WASP-13 b,466,4.353011,0.485,G1V,Primary Transit,0.05379,1.365
WASP-130 b,2614,11.55098,1.23,G6,Primary Transit,0.1012,0.89
WASP-131 b,2615,5.322023,0.27,G0,Primary Transit,0.0607,1.22
WASP-132 b,2616,7.133514,0.41,K4,Primary Transit,0.067,0.8966
WASP-133 b,2554,2.176423,1.16,G4,Primary Transit,0.0345,1.21
WASP-134 b,6967,10.1467583,1.412,G4,Primary Transit,0.0956,0.988
WASP-135 b,2471,1.4013794,1.9,G5,Primary Transit,0.0243,1.3
WASP-136 b,4009,5.215357,1.51,,Primary Transit,0.0661,1.38
WASP-137 b,6968,3.9080284,0.681,G0,Primary Transit,0.0519,1.27
WASP-138 b,4010,3.634433,1.22,F9,Primary Transit,0.0494,
WASP-139 b,2617,5.924262,0.117,K0,Primary Transit,0.062,0.8
WASP-14 b,467,2.2437661,7.341,F5V,Primary Transit,0.036,1.281
WASP-140 b,2618,2.2359835,2.44,K0,Primary Transit,0.0323,1.44
WASP-141 b,2619,3.310651,2.69,F9,Primary Transit,0.0469,1.21
WASP-142 b,2620,2.052868,0.84,F8,Primary Transit,0.0347,1.53
WASP-143 b,6969,3.778873,0.725,G1,Primary Transit,0.049,1.234
WASP-146 b,6970,3.396944,1.11,G0,Primary Transit,0.0451,1.228
WASP-147 b,6783,4.60273,0.275,G4,Primary Transit,0.0549,1.115
WASP-148 b,7395,8.80345,0.287,,Primary Transit,0.08215,0.756
WASP-15 b,468,3.7520656,0.542,F7,Primary Transit,0.0499,1.428
WASP-150 b,7383,5.644207,8.46,,Primary Transit,0.0694,1.07
WASP-151 b,6663,4.533471,0.31,G1,Primary Transit,0.055,1.13
WASP-153 b,6664,3.332609,0.39,G0,Primary Transit,0.048,1.55
WASP-156 b,6665,3.8361603,0.1303,K3,Primary Transit,0.0451,0.554
WASP-157 b,2598,3.951623,0.576,G2 V,Primary Transit,0.0499,0.998
WASP-166 b,6893,5.44354215,0.102,F9,Primary Transit,0.0668,0.6155
WASP-167 b,6585,2.0219591,8.0,F1 V,Primary Transit,0.0365,1.51
WASP-169 b,7095,5.6114118,0.561,,Primary Transit,0.0681,1.304
WASP-171 b,7096,3.8186244,1.084,,Primary Transit,0.0504,0.988
WASP-175 b,7097,3.0652907,0.99,,Primary Transit,0.044,1.208
WASP-176 b,7384,3.899052,0.855,,Primary Transit,0.0535,1.505
WASP-177 b,7051,3.071722,0.508,K2,Primary Transit,0.03957,1.58
WASP-178 b,7170,3.3448285,1.41,A1IV-V,Primary Transit,0.0558,1.94
WASP-18 b,577,0.9414518,10.4296,F6,Primary Transit,0.02047,1.165
WASP-18 c,7157,2.1558,0.1737,F6,TTV,,
WASP-180 A b,7108,3.409265,0.8,F7 V-V,Primary Transit,0.048,1.29
WASP-181 b,7052,4.5195064,0.299,G2,Primary Transit,0.05427,1.184
WASP-182 b,7098,3.3769848,0.148,,Primary Transit,0.0451,0.85
WASP-183 b,7053,4.1117771,0.502,G9/K0,Primary Transit,0.04632,1.47
WASP-184 b,7169,5.1817,0.57,G0,Primary Transit,0.0627,1.33
WASP-186 b,7499,5.026799,4.22,,Primary Transit,0.06,1.11
WASP-187 b,7500,5.147878,0.8,,Primary Transit,0.0653,1.64
WASP-189 b,6871,2.724033,1.99,A6IV-V,Primary Transit,0.05053,1.619
WASP-190 b,6890,5.367753,1.0,F6-IV-V,Primary Transit,0.0663,1.15
WASP-2 A b,347,2.15222144,0.847,K1V,Primary Transit,0.03138,1.079
WASP-20 A b,914,4.8996285,0.313,,Primary Transit,0.06003,1.459
WASP-21 b,666,4.3225126,0.3,G3V,Primary Transit,0.052,1.21
WASP-22 b,663,3.5327313,0.617,,Primary Transit,0.04698,1.199
WASP-24 b,667,2.3412127,1.071,F8-9,Primary Transit,0.03651,1.3
WASP-25 b,668,3.76483,0.58,G4,Primary Transit,0.0474,1.26
WASP-26 b,664,2.7566004,1.028,G0,Primary Transit,0.03985,1.281
WASP-28 b,669,3.40883,0.907,F8-G0,Primary Transit,0.04469,1.213
WASP-29 b,670,3.92271218,0.243,K4V,Primary Transit,0.047,0.775
WASP-3 b,432,1.8468372,2.06,F7V,Primary Transit,0.0313,1.454
WASP-31 b,707,3.405909,0.478,F,Primary Transit,0.04657,1.537
WASP-33 b,671,1.21986967,2.8,A5,Primary Transit,0.02558,1.603
WASP-34 b,783,4.3176782,0.59,G5,Primary Transit,0.0524,1.22
WASP-36 b,706,1.5373653,2.279,G2,Primary Transit,0.02624,1.269
WASP-37 b,725,3.577471,1.8,G2,Primary Transit,0.04339,1.16
WASP-38 b,747,6.871815,2.712,F8,Primary Transit,0.07551,1.079
WASP-39 b,818,4.055259,0.28,G8,Primary Transit,0.0486,1.27
WASP-4 b,433,1.338231602,1.1974,G8,Primary Transit,0.02312,1.3846
WASP-41 b,782,3.052404,0.94,G8V,Primary Transit,0.04,1.18
WASP-47 b,916,4.1591289,1.14243,G9V,Primary Transit,0.052,1.127
WASP-47 c,2445,596.0,1.31,G9V,Radial Velocity,1.41,
WASP-47 d,2426,9.03077,0.04122,G9V,Primary Transit,0.088,0.319
WASP-47 e,2425,0.789592,0.02149,G9V,Primary Transit,0.0173,0.161
WASP-49 A b,917,2.7817387,0.378,,Primary Transit,0.0378,1.115
WASP-5 b,434,1.6284246,1.637,G5,Primary Transit,0.02729,1.171
WASP-50 b,885,1.9550959,1.437,G9,Primary Transit,0.02913,1.138
WASP-52 b,918,1.7497798,0.46,K2V,Primary Transit,0.0272,1.27
WASP-53 b,919,3.3098443,2.132,K3,Primary Transit,0.04101,1.074
WASP-55 b,921,4.46563,0.61,G1,Primary Transit,0.0533,1.33
WASP-58 b,924,5.01718,0.89,G2V,Primary Transit,0.0561,1.37
WASP-59 b,925,7.919585,0.863,K5V,Primary Transit,0.0697,0.775
WASP-6 b,460,3.361006,0.503,G8,Primary Transit,0.0421,1.224
WASP-60 b,926,4.3,0.5,G1V,Primary Transit,,0.9
WASP-61 b,927,3.8559,2.06,F7,Primary Transit,0.0514,1.24
WASP-62 b,928,4.411953,0.57,F7,Primary Transit,0.0567,1.39
WASP-63 b,929,4.37809,0.38,G8,Primary Transit,0.0574,1.43
WASP-65 b,931,2.3114243,1.55,G6,Primary Transit,0.0334,1.112
WASP-66 b,932,4.086052,2.32,F4,Primary Transit,0.0546,1.39
WASP-67 b,933,4.61442,0.42,K0V,Primary Transit,0.0517,1.4
WASP-69 b,935,3.8681382,0.26,K5,Primary Transit,0.04525,1.057
WASP-7 b,461,4.9546416,0.96,F5V,Primary Transit,0.0617,1.33
WASP-70 A b,936,3.7130203,0.59,G4,Primary Transit,0.04853,1.164
WASP-71 b,1225,2.9036747,2.258,F8,Primary Transit,0.04631,1.5
WASP-74 b,2389,2.13775138,0.826,F9,Primary Transit,0.03443,1.248
WASP-75 b,1325,2.484193,1.07,F9,Primary Transit,0.0375,1.27
WASP-76 b,1420,1.809886,0.92,F7,Primary Transit,0.033,1.83
WASP-78 b,1132,2.17517656,0.89,F8,Primary Transit,0.0415,1.7
WASP-79 b,1133,3.6623817,0.9,F3,Primary Transit,0.0539,1.7
WASP-8 b,462,8.158715,2.244,G6,Primary Transit,0.0801,1.038
WASP-80 b,1250,3.0678504,0.554,K7V,Primary Transit,0.0346,0.952
WASP-81 b,4085,2.7164762,0.729,G1,Primary Transit,0.03908,1.429
WASP-82 b,1422,2.705782,1.24,F5,Primary Transit,0.0447,1.67
WASP-83 b,2390,4.071252,0.3,G8,Primary Transit,0.059,1.04
WASP-84 b,1430,8.5234865,0.694,K0,Primary Transit,0.0771,0.942
WASP-87 A b,2320,1.682795,2.21,F5,Primary Transit,0.02946,1.385
WASP-90 b,1421,3.916243,0.63,F6,Primary Transit,0.0562,1.63
WASP-92 b,3992,2.1746742,0.805,F7,Primary Transit,0.0348,1.461
WASP-93 b,4019,2.7325321,1.47,F4,Primary Transit,0.04211,1.597
WD 1145+017 b,2456,0.1875,2.1e-06,WD,Primary Transit,,
WTS-1 b,1207,3.352059,4.01,,Primary Transit,0.047,1.49
WTS-2 b,1415,1.0187074,1.12,K3V,Primary Transit,0.01855,1.3
Wendelstein-1 b,7411,2.663416,0.59,,Primary Transit,0.0282,1.0
Wendelstein-2 b,7412,1.7522239,0.73,,Primary Transit,0.0234,1.0
XO-1 b,329,3.9415128,0.9,G1V,Primary Transit,0.0488,1.184
XO-2N b,399,2.615838,0.62,K0V,Primary Transit,0.0369,0.973
XO-3 b,400,3.1915239,11.79,F5V,Primary Transit,0.0454,1.217
XO-4 b,477,4.12473,1.616,F5V,Primary Transit,0.05485,1.317
XO-5 b,476,4.1877537,1.077,G8V,Primary Transit,0.0487,1.03
XO-6 b,4076,3.7650007,1.9,F5,Primary Transit,0.0815,2.07
XO-7 b,7233,2.8641424,0.709,GOV,Primary Transit,0.04421,1.373
XTE J1807-294 b,6958,0.0278292,14.5,,Pulsar,,
ZTFJ0220+21 b,7962,0.037,14.0,WD,Primary Transit,,0.54
b Cen b,8030,1800000.0,10.9,B3V,Imaging,556.0,
beta Pic b,521,7707.0,11.9,A6V,Imaging,9.93,1.65
beta Pic c,7175,1227.0,8.89,A6V,Radial Velocity,2.68,1.2
eps Eridani b,73,2671.0,0.65,K2 V,Radial Velocity,3.53,
eps Ind A b,6731,16509.0,3.25,K2V,Radial Velocity,11.55,
kappa And b,1226,215000.0,13.0,B9IV,Imaging,100.0,1.2
pi Men b,83,2088.33,12.6,G0V,Radial Velocity,3.308,
pi Men c,6825,6.267852,0.01142,G0V,Primary Transit,0.06702,0.16719
tau Boo A b,7,3.31249,5.84,F7 V,Radial Velocity,0.046,1.06
ups And b,13,4.61711,0.62,F8 V,Radial Velocity,0.059,
ups And c,14,240.937,9.1,F8 V,Radial Velocity,0.861,
